#SP	classId	tier+skillId:level, best first   (SP priority; see tools/combat_sim/sp_priority.md)
SP	0	A16:1,A141:1,A142:1,A56:1,A3:1,B16:2,B16:3,B16:4,B16:5,B16:6,B16:7,B16:8,B16:9,B142:2,B142:3,B56:2,B56:3,B56:4,B56:5,B56:6,B3:2,B3:3,B3:4,B3:5,B3:6,B141:2,B56:7,B56:8,B56:9,B3:7,B3:8,B3:9,B142:4,B142:5,B141:3,C194:1,C1320:1,C239:1,C1405:1
SP	1	A245:1,A141:1,A142:1,A3:1,A255:1,A100:1,A227:1,A231:1,A257:1,A216:1,B245:2,B245:3,B142:2,B142:3,B3:2,B3:3,B3:4,B3:5,B3:6,B141:2,B56:1,B16:1,B255:2,B255:3,B100:2,B100:3,B3:7,B3:8,B3:9,B245:4,B245:5,B245:6,B227:2,B231:2,B142:4,B142:5,B255:4,B255:5,B255:6,B100:4,B100:5,B100:6,B245:7,B245:8,B245:9,B227:3,B231:3,B227:4,B231:4,B141:3,B227:5,B231:5,B227:6,B231:6,B227:7,B231:7,B255:7,B255:8,B255:9,B100:7,B100:8,B100:9,B245:10,B245:11,B245:12,B257:3,B216:3,B257:4,B216:4,B227:8,B231:8,B227:9,B231:9,B227:10,B231:10,B257:2,B216:2,B255:10,B255:11,B255:12,B100:10,B100:11,B100:12,B245:13,B245:14,B245:15,B257:5,B216:5,B257:6,B216:6,B227:11,B231:11,B227:12,B231:12,B227:13,B231:13,B255:13,B255:14,B255:15,B100:13,B100:14,B100:15,B257:7,B216:7,B257:8,B216:8,C194:1,C1320:1,C56:2,C16:2,C56:3,C16:3,C56:4,C16:4,C56:5,C16:5,C56:6,C16:6,C239:1,C1405:1,C56:7,C16:7,C56:8,C16:8,C56:9,C16:9,C211:1,C78:1,C212:1,C148:1,C211:2,C121:1,C287:1,C211:3
SP	2	A141:1,A142:1,A3:1,A255:1,A100:1,A227:1,A231:1,A257:1,A1:1,A9:1,A6:1,A144:1,A5:1,A7:1,A8:1,A261:1,B142:2,B142:3,B3:2,B3:3,B3:4,B3:5,B3:6,B141:2,B56:1,B16:1,B255:2,B255:3,B100:2,B100:3,B3:7,B3:8,B3:9,B245:1,B227:2,B231:2,B142:4,B142:5,B255:4,B255:5,B255:6,B100:4,B100:5,B100:6,B227:3,B231:3,B227:4,B231:4,B141:3,B227:5,B231:5,B227:6,B231:6,B227:7,B231:7,B255:7,B255:8,B255:9,B100:7,B100:8,B100:9,B257:3,B257:4,B227:8,B231:8,B227:9,B231:9,B227:10,B231:10,B257:2,B255:10,B255:11,B255:12,B100:10,B100:11,B100:12,B257:5,B257:6,B1:2,B1:3,B9:2,B9:3,B6:2,B6:3,B1:4,B1:5,B1:6,B227:11,B231:11,B227:12,B231:12,B227:13,B231:13,B6:4,B6:5,B6:6,B255:13,B255:14,B255:15,B144:2,B144:3,B257:9,B257:10,B257:11,B227:14,B231:14,B227:15,B231:15,B227:16,B231:16,B9:4,B9:5,B9:6,B100:13,B100:14,B100:15,B5:2,B5:3,B1:7,B1:8,B1:9,B144:4,B144:5,B144:6,B257:12,B257:13,B257:14,B227:17,B231:17,B227:18,B231:18,B227:19,B231:19,B6:7,B6:8,B6:9,B260:1,B190:1,B144:7,B144:8,B144:9,B257:15,B257:16,B257:17,B227:20,B231:20,B227:21,B231:21,B227:22,B231:22,B257:7,B257:8,B9:7,B9:8,B9:9,B5:4,B5:5,B5:6,B1:10,B1:11,B1:12,B7:2,B7:3,B6:10,B6:11,B6:12,B144:10,B144:11,B144:12,B257:18,B257:19,B257:20,B227:23,B231:23,B227:24,B231:24,B227:25,B231:25,B9:10,B9:11,B9:12,B5:7,B5:8,B5:9,B1:13,B1:14,B1:15,B7:4,B7:5,B7:6,B8:2,B6:13,B6:14,B6:15,B144:13,B144:14,B144:15,B257:21,B257:22,B257:23,B227:26,B231:26,B227:27,B231:27,B227:28,B231:28,B9:13,B9:14,B9:15,B5:10,B5:11,B5:12,B1:16,B1:17,B1:18,B261:2,B261:3,B7:7,B7:8,B7:9,B6:16,B6:17,B6:18,B9:16,B9:17,B9:18,B5:13,B5:14,B5:15,B1:19,B1:20,B1:21,B144:16,B144:17,B144:18,B257:24,B257:25,B257:26,B227:29,B231:29,B227:30,B231:30,B227:31,B231:31,B261:4,B261:5,B261:6,B7:10,B7:11,B7:12,B6:19,B6:20,B6:21,B144:19,B144:20,B144:21,B257:27,B257:28,B257:29,B227:32,B231:32,B227:33,B231:33,B227:34,B231:34,B8:3,B9:19,B9:20,B5:16,B5:17,B1:22,B1:23,B261:7,B261:8,B7:13,B7:14,B6:22,B6:23,B144:22,B144:23,B257:30,B257:31,B227:35,B231:35,B227:36,B231:36,B9:21,B9:22,B5:18,B5:19,B1:24,B1:25,B8:4,B261:9,B261:10,B7:15,B7:16,B6:24,B6:25,B9:23,B9:24,B144:24,B144:25,B257:32,B257:33,B227:37,B231:37,B227:38,B231:38,B5:20,B5:21,B1:26,B1:27,B261:11,B261:12,B7:17,B7:18,B6:26,B6:27,B8:5,B144:26,B144:27,B257:34,B257:35,B227:39,B231:39,B227:40,B231:40,B9:25,B9:26,B5:22,B5:23,B1:28,B1:29,B9:27,B9:28,B261:13,B261:14,B7:19,B7:20,B6:28,B6:29,B5:24,B5:25,B1:30,B1:31,B261:15,B261:16,B7:21,B7:22,B6:30,B6:31,B144:28,B144:29,B257:36,B257:37,B227:41,B231:41,B227:42,B231:42,B144:30,B144:31,B257:38,B257:39,B227:43,B231:43,B227:44,B231:44,B9:29,B9:30,B5:26,B5:27,B1:32,B1:33,B261:17,B261:18,B7:23,B7:24,B6:32,B6:33,B144:32,B144:33,B257:40,B257:41,B227:45,B231:45,B227:46,B231:46,B9:31,B9:32,B5:28,B5:29,B1:34,B1:35,B261:19,B261:20,B7:25,B7:26,B6:34,B6:35,B8:6,B144:34,B144:35,B257:42,B257:43,B227:47,B231:47,B227:48,B231:48,B8:7,B9:33,B9:34,B5:30,B5:31,B1:36,B1:37,B261:21,B261:22,B7:27,B7:28,B6:36,B6:37,B144:36,B144:37,B257:44,B257:45,B227:49,B231:49,B227:50,B231:50,C194:1,C1320:1,C56:2,C16:2,C56:3,C16:3,C56:4,C16:4,C56:5,C16:5,C56:6,C16:6,C239:1,C1405:1,C245:2,C245:3,C56:7,C16:7,C56:8,C16:8,C56:9,C16:9,C245:4,C245:5,C245:6,C211:1,C78:1,C245:7,C245:8,C245:9,C245:10,C245:11,C245:12,C212:1,C148:1,C245:13,C245:14,C245:15,C211:2,C260:2,C190:2,C260:3,C190:3,C260:4,C190:4,C260:5,C190:5,C260:6,C190:6,C260:7,C190:7,C260:8,C190:8,C260:9,C190:9,C121:1,C287:1,C260:10,C190:10,C260:11,C190:11,C260:12,C190:12,C211:3,C260:13,C190:13,C260:14,C190:14,C260:15,C190:15,C290:1,C78:2,C260:16,C190:16,C260:17,C190:17,C260:18,C190:18,C260:19,C190:19,C260:20,C190:20,C260:21,C190:21,C287:2,C424:1,C260:22,C190:22,C260:23,C190:23,C260:24,C190:24,C260:25,C190:25,C451:1,C260:26,C190:26,C260:27,C190:27,C297:1,C260:28,C190:28,C260:29,C190:29,C260:30,C190:30,C260:31,C190:31,C287:3,C260:32,C190:32,C260:33,C190:33,C260:34,C190:34,C260:35,C190:35,C424:2,C451:2,C260:36,C190:36,C260:37,C190:37,C297:2,C424:3
SP	3	A245:1,A141:1,A142:1,A231:1,A216:1,A36:1,A48:1,B245:2,B245:3,B142:2,B142:3,B141:2,B3:1,B56:1,B16:1,B255:1,B100:1,B245:4,B245:5,B245:6,B231:2,B142:4,B142:5,B245:7,B245:8,B245:9,B231:3,B231:4,B141:3,B231:5,B231:6,B231:7,B245:10,B245:11,B245:12,B216:3,B216:4,B231:8,B231:9,B231:10,B216:2,B245:13,B245:14,B245:15,B216:5,B216:6,B36:2,B36:3,B48:2,B48:3,B231:11,B231:12,B231:13,B36:4,B36:5,B36:6,B48:4,B48:5,B48:6,B216:9,B216:10,B216:11,B231:14,B231:15,B231:16,B36:7,B36:8,B36:9,B48:7,B48:8,B48:9,B216:12,B216:13,B216:14,B231:17,B231:18,B231:19,B216:7,B216:8,B216:15,B216:16,B216:17,B231:20,B231:21,B231:22,B36:10,B36:11,B36:12,B48:10,B48:11,B48:12,B216:18,B216:19,B216:20,B231:23,B231:24,B231:25,B36:13,B36:14,B36:15,B48:13,B48:14,B48:15,B36:16,B36:17,B36:18,B48:16,B48:17,B48:18,B36:19,B36:20,B36:21,B48:19,B48:20,B48:21,B216:21,B216:22,B216:23,B231:26,B231:27,B231:28,B216:24,B216:25,B216:26,B231:29,B231:30,B231:31,B216:27,B216:28,B216:29,B231:32,B231:33,B231:34,B211:5,B36:22,B36:23,B48:22,B48:23,B36:24,B36:25,B48:24,B48:25,B216:30,B216:31,B231:35,B231:36,B211:6,B36:26,B48:26,B36:27,B48:27,B216:32,B216:33,B231:37,B231:38,B36:28,B36:29,B48:28,B48:29,B216:34,B216:35,B231:39,B231:40,B216:36,B216:37,B231:41,B231:42,B36:30,B36:31,B48:30,B48:31,B36:32,B48:32,B36:33,B48:33,B211:7,B216:38,B216:39,B231:43,B231:44,B216:40,B216:41,B231:45,B231:46,B211:8,B36:34,B36:35,B48:34,B48:35,B211:9,B216:42,B216:43,B231:47,B231:48,B36:36,B48:36,B36:37,B48:37,B216:44,B216:45,B231:49,B231:50,B211:10,C194:1,C1320:1,C3:2,C56:2,C16:2,C3:3,C56:3,C16:3,C3:4,C56:4,C16:4,C3:5,C56:5,C16:5,C3:6,C56:6,C16:6,C239:1,C1405:1,C255:2,C100:2,C255:3,C100:3,C3:7,C56:7,C16:7,C3:8,C56:8,C16:8,C3:9,C56:9,C16:9,C255:4,C100:4,C255:5,C100:5,C255:6,C100:6,C211:1,C78:1,C255:7,C100:7,C255:8,C100:8,C255:9,C100:9,C255:10,C100:10,C255:11,C100:11,C255:12,C100:12,C212:1,C148:1,C255:13,C100:13,C255:14,C100:14,C255:15,C100:15,C211:2,C121:1,C287:1,C211:3,C317:1,C211:4,C116:1,C130:1,C290:1,C317:2,C287:2,C421:1,C424:1,C452:1,C130:2,C181:1,C317:3,C421:2,C287:3,C424:2,C421:3,C317:4,C421:4,C424:3,C317:5,C421:5
SP	4	A141:1,A142:1,A3:1,A232:1,A28:1,A217:1,A153:1,B142:2,B142:3,B3:2,B3:3,B3:4,B3:5,B3:6,B141:2,B3:7,B3:8,B3:9,B232:2,B232:3,B142:4,B142:5,B232:4,B232:5,B232:6,B28:2,B28:3,B141:3,B232:7,B232:8,B232:9,B82:1,B110:1,B28:4,B28:5,B28:6,B217:3,B217:4,B232:10,B232:11,B232:12,B112:1,B28:7,B28:8,B28:9,B217:2,B153:2,B217:5,B217:6,B232:13,B232:14,B232:15,B28:10,B28:11,B28:12,B217:7,B217:8,C56:1,C16:1,C194:1,C1320:1,C239:1,C1405:1,C92:1,C147:1,C70:1,C147:2,C147:5,C147:4,C147:3,C147:8,C147:7,C147:6,C45:1,C147:11,C147:10,C147:9,C147:14,C147:13,C147:12,C112:2,C191:1
SP	5	A141:1,A142:1,A3:1,A232:1,A28:1,A217:1,A153:1,A18:1,A400:1,B142:2,B142:3,B3:2,B3:3,B3:4,B3:5,B3:6,B141:2,B3:7,B3:8,B3:9,B232:2,B232:3,B142:4,B142:5,B232:4,B232:5,B232:6,B28:2,B28:3,B141:3,B232:7,B232:8,B232:9,B82:1,B110:1,B28:4,B28:5,B28:6,B217:3,B217:4,B232:10,B232:11,B232:12,B112:1,B28:7,B28:8,B28:9,B217:2,B153:2,B217:9,B217:10,B217:11,B232:16,B232:17,B232:18,B18:2,B18:3,B28:13,B28:14,B28:15,B217:5,B217:6,B232:13,B232:14,B232:15,B28:10,B28:11,B28:12,B217:12,B217:13,B217:14,B232:19,B232:20,B232:21,B18:4,B18:5,B18:6,B28:16,B28:17,B28:18,B217:15,B217:16,B217:17,B232:22,B232:23,B232:24,B217:7,B217:8,B18:7,B18:8,B18:9,B28:19,B28:20,B28:21,B217:18,B217:19,B217:20,B232:25,B232:26,B232:27,B18:10,B18:11,B18:12,B28:22,B28:23,B28:24,B197:1,B153:3,B72:1,B196:1,B217:21,B217:22,B217:23,B232:28,B232:29,B232:30,B18:13,B18:14,B18:15,B28:25,B28:26,B28:27,B217:24,B217:25,B217:26,B232:31,B232:32,B232:33,B318:1,B18:16,B18:17,B18:18,B28:28,B28:29,B28:30,B217:27,B217:28,B217:29,B232:34,B232:35,B232:36,B18:19,B18:20,B18:21,B28:31,B28:32,B28:33,B217:30,B217:31,B232:37,B232:38,B400:2,B18:22,B18:23,B28:34,B28:35,B147:37,B147:36,B406:1,B153:4,B217:32,B217:33,B232:39,B232:40,B18:24,B18:25,B28:36,B28:37,B147:39,B147:38,B217:34,B217:35,B232:41,B232:42,B400:3,B147:41,B147:40,B18:26,B18:27,B28:38,B28:39,B400:4,B217:36,B217:37,B232:43,B232:44,B147:43,B147:42,B400:5,B18:28,B18:29,B28:40,B28:41,B147:45,B147:44,B217:38,B217:39,B232:45,B232:46,B147:47,B147:46,B18:30,B18:31,B28:42,B28:43,B217:40,B217:41,B232:47,B232:48,B400:6,B18:32,B18:33,B28:44,B28:45,B147:49,B147:48,B217:42,B217:43,B232:49,B232:50,B400:7,B18:34,B18:35,B28:46,B28:47,B400:8,B400:9,B147:50,B147:51,B217:44,B217:45,B232:51,B232:52,B18:36,B18:37,B28:48,B28:49,B400:10,C56:1,C16:1,C194:1,C1320:1,C239:1,C1405:1,C92:1,C147:1,C70:1,C147:2,C147:5,C147:4,C147:3,C147:8,C147:7,C147:6,C45:1,C147:11,C147:10,C147:9,C147:17,C147:16,C147:15,C147:20,C147:19,C147:18,C147:14,C147:13,C147:12,C147:23,C147:22,C147:21,C262:1,C147:26,C147:25,C147:24,C112:2,C49:1,C44:1,C147:29,C147:28,C147:32,C147:27,C147:31,C147:30,C82:2,C112:3,C147:35,C147:34,C147:33,C191:1,C197:2,C110:2,C69:1,C72:2,C112:4,C97:1,C403:1,C404:1,C72:3,C82:3,C291:1,C406:2,C406:3
SP	6	A141:1,A142:1,A3:1,A232:1,A28:1,A217:1,A153:1,A18:1,A103:1,A401:1,B142:2,B142:3,B3:2,B3:3,B3:4,B3:5,B3:6,B141:2,B3:7,B3:8,B3:9,B232:2,B232:3,B142:4,B142:5,B232:4,B232:5,B232:6,B28:2,B28:3,B141:3,B232:7,B232:8,B232:9,B82:1,B110:1,B28:4,B28:5,B28:6,B217:3,B217:4,B232:10,B232:11,B232:12,B112:1,B28:7,B28:8,B28:9,B217:2,B217:9,B217:10,B217:11,B232:16,B232:17,B232:18,B18:2,B18:3,B28:13,B28:14,B28:15,B153:2,B217:5,B217:6,B232:13,B232:14,B232:15,B217:12,B217:13,B217:14,B232:19,B232:20,B232:21,B28:10,B28:11,B28:12,B18:4,B18:5,B18:6,B28:16,B28:17,B28:18,B217:15,B217:16,B217:17,B232:22,B232:23,B232:24,B18:7,B18:8,B18:9,B28:19,B28:20,B28:21,B217:7,B217:8,B217:18,B217:19,B217:20,B232:25,B232:26,B232:27,B18:10,B18:11,B18:12,B28:22,B28:23,B28:24,B86:1,B153:3,B72:1,B217:21,B217:22,B217:23,B232:28,B232:29,B232:30,B18:13,B18:14,B18:15,B28:25,B28:26,B28:27,B217:24,B217:25,B217:26,B232:31,B232:32,B232:33,B217:27,B217:28,B217:29,B232:34,B232:35,B232:36,B18:16,B18:17,B18:18,B28:28,B28:29,B28:30,B18:19,B18:20,B18:21,B28:31,B28:32,B28:33,B217:30,B217:31,B232:37,B232:38,B401:2,B18:22,B18:23,B28:34,B28:35,B153:4,B147:37,B147:36,B217:32,B217:33,B232:39,B232:40,B18:24,B18:25,B28:36,B28:37,B147:39,B147:38,B217:34,B217:35,B232:41,B232:42,B401:3,B147:41,B103:2,B147:40,B18:26,B18:27,B28:38,B28:39,B401:4,B217:36,B217:37,B232:43,B232:44,B147:43,B401:5,B147:42,B18:28,B18:29,B28:40,B28:41,B147:45,B147:47,B147:44,B147:46,B217:38,B217:39,B232:45,B232:46,B217:40,B217:41,B232:47,B232:48,B18:30,B18:31,B28:42,B28:43,B103:3,B18:32,B18:33,B28:44,B28:45,B401:6,B147:49,B147:48,B217:42,B217:43,B232:49,B232:50,B401:7,B18:34,B18:35,B28:46,B28:47,B401:8,B401:9,B103:4,B147:50,B147:51,B217:44,B217:45,B232:51,B232:52,B18:36,B18:37,B28:48,B28:49,B401:10,C56:1,C16:1,C194:1,C1320:1,C239:1,C1405:1,C92:1,C147:1,C70:1,C147:2,C147:5,C147:4,C147:3,C147:8,C147:7,C147:6,C45:1,C147:11,C147:17,C147:10,C147:16,C147:9,C147:15,C147:20,C147:19,C147:18,C147:23,C147:22,C147:21,C147:14,C147:13,C147:12,C147:26,C147:25,C147:24,C112:2,C147:29,C147:28,C82:2,C147:27,C147:35,C147:34,C147:32,C147:33,C147:31,C147:30,C127:1,C112:3,C86:2,C110:2,C191:1,C72:2,C112:4,C86:3,C403:1,C72:3,C82:3,C291:1
SP	7	A16:1,A141:1,A142:1,A56:1,A208:1,A233:1,A209:1,A96:1,A101:1,B16:2,B16:3,B16:4,B16:5,B16:6,B16:7,B16:8,B16:9,B142:2,B142:3,B16:10,B16:11,B16:12,B56:2,B56:3,B56:4,B56:5,B56:6,B141:2,B208:2,B208:3,B3:1,B56:7,B56:8,B56:9,B16:13,B16:14,B16:15,B56:10,B56:11,B56:12,B233:2,B208:4,B208:5,B208:6,B56:13,B56:14,B56:15,B142:4,B142:5,B16:16,B16:17,B16:18,B233:3,B233:4,B208:7,B208:8,B208:9,B56:16,B56:17,B56:18,B141:3,B16:19,B16:20,B16:21,B209:3,B209:4,B233:5,B233:6,B209:2,B208:10,B208:11,B208:12,B56:19,B56:20,B56:21,B137:1,B16:22,B16:23,B16:24,B101:2,B101:3,B209:5,B209:6,B233:7,B233:8,B208:13,B208:14,B208:15,B56:22,B56:23,B56:24,B96:2,B209:7,B209:8,B233:9,B233:10,B168:1,C194:1,C1320:1,C3:2,C3:3,C3:4,C3:5,C3:6,C239:1,C1405:1,C3:7,C3:8,C3:9,C4:1,C113:1,C195:1,C173:1,C198:1,C193:1,C148:1,C111:1,C99:1,C169:1,C225:1,C171:1
SP	8	A16:1,A141:1,A142:1,A233:1,A209:1,A96:1,A263:1,A30:1,A409:1,B16:2,B16:3,B16:4,B16:5,B16:6,B16:7,B16:8,B16:9,B142:2,B142:3,B16:10,B16:11,B16:12,B141:2,B56:1,B3:1,B16:13,B16:14,B16:15,B233:2,B142:4,B142:5,B16:16,B16:17,B16:18,B233:3,B233:4,B141:3,B16:19,B16:20,B16:21,B209:3,B209:4,B233:5,B233:6,B209:2,B137:1,B16:22,B16:23,B16:24,B263:2,B263:3,B209:5,B209:6,B233:7,B233:8,B263:4,B263:5,B263:6,B263:7,B263:8,B263:9,B30:2,B30:3,B101:1,B209:9,B209:10,B209:11,B233:11,B233:12,B233:13,B30:4,B30:5,B30:6,B30:7,B30:8,B30:9,B96:2,B209:12,B209:13,B209:14,B233:14,B233:15,B233:16,B209:15,B209:16,B209:17,B233:17,B233:18,B233:19,B209:7,B209:8,B233:9,B233:10,B263:10,B263:11,B263:12,B30:10,B30:11,B30:12,B263:13,B263:14,B263:15,B209:18,B209:19,B209:20,B233:20,B233:21,B233:22,B168:1,B137:2,B30:13,B30:14,B30:15,B263:16,B263:17,B263:18,B263:19,B263:20,B263:21,B209:21,B209:22,B209:23,B233:23,B233:24,B233:25,B30:16,B30:17,B30:18,B30:19,B30:20,B30:21,B209:24,B209:25,B209:26,B233:26,B233:27,B233:28,B209:27,B209:28,B209:29,B233:29,B233:30,B233:31,B96:3,B137:3,B263:22,B263:23,B30:22,B30:23,B96:4,B409:2,B233:32,B233:33,B263:24,B263:25,B263:26,B263:27,B209:30,B209:31,B30:24,B30:25,B30:26,B30:27,B409:3,B209:32,B209:33,B233:34,B233:35,B209:34,B209:35,B233:36,B233:37,B263:28,B263:29,B263:30,B263:31,B30:28,B30:29,B409:4,B409:5,B209:36,B209:37,B233:38,B233:39,B30:30,B30:31,B263:32,B263:33,B263:34,B263:35,B209:38,B209:39,B233:40,B233:41,B30:32,B30:33,B96:5,B409:6,B30:34,B30:35,B209:40,B209:41,B233:42,B233:43,B209:42,B209:43,B233:44,B233:45,B409:7,B96:6,B409:8,B409:9,B263:36,B263:37,B30:36,B30:37,B209:44,B209:45,B233:46,B233:47,B409:10,C194:1,C1320:1,C56:2,C3:2,C56:3,C3:3,C56:4,C3:4,C56:5,C3:5,C56:6,C3:6,C239:1,C1405:1,C56:7,C3:7,C56:8,C3:8,C56:9,C3:9,C56:10,C56:11,C56:12,C56:13,C56:14,C56:15,C4:1,C195:1,C173:1,C113:1,C56:16,C56:17,C56:18,C198:1,C148:1,C193:1,C56:19,C56:20,C56:21,C111:1,C101:2,C101:3,C56:22,C56:23,C56:24,C99:1,C225:1,C169:1,C12:1,C168:2,C171:1,C4:2,C11:1,C168:3,C412:1,C453:1,C111:2
SP	9	A141:1,A142:1,A56:1,A208:1,A233:1,A101:1,A19:1,A24:1,B142:2,B142:3,B56:2,B56:3,B56:4,B56:5,B56:6,B141:2,B208:2,B208:3,B16:1,B3:1,B56:7,B56:8,B56:9,B56:10,B56:11,B56:12,B233:2,B208:4,B208:5,B208:6,B56:13,B56:14,B56:15,B142:4,B142:5,B233:3,B233:4,B208:7,B208:8,B208:9,B56:16,B56:17,B56:18,B141:3,B233:5,B233:6,B208:10,B208:11,B208:12,B56:19,B56:20,B56:21,B137:1,B101:2,B101:3,B233:7,B233:8,B208:13,B208:14,B208:15,B56:22,B56:23,B56:24,B19:2,B19:3,B101:4,B101:5,B101:6,B19:4,B19:5,B19:6,B19:7,B19:8,B19:9,B101:7,B101:8,B101:9,B233:9,B233:10,B233:11,B233:12,B233:13,B208:16,B208:17,B208:18,B101:10,B101:11,B101:12,B233:14,B233:15,B233:16,B208:19,B208:20,B208:21,B233:17,B233:18,B233:19,B208:22,B208:23,B208:24,B24:2,B24:3,B19:10,B19:11,B19:12,B168:1,B101:13,B101:14,B101:15,B233:20,B233:21,B233:22,B208:25,B208:26,B208:27,B24:4,B24:5,B24:6,B19:13,B19:14,B19:15,B19:16,B19:17,B19:18,B101:16,B101:17,B101:18,B19:19,B19:20,B19:21,B101:19,B101:20,B101:21,B101:22,B101:23,B101:24,B233:23,B233:24,B233:25,B208:28,B208:29,B208:30,B24:7,B24:8,B24:9,B233:26,B233:27,B233:28,B208:31,B208:32,B208:33,B233:29,B233:30,B233:31,B208:34,B208:35,B208:36,B24:10,B24:11,B24:12,B24:13,B24:14,B24:15,B19:22,B19:23,B19:24,B19:25,B101:25,B101:26,B101:27,B101:28,B19:26,B19:27,B19:28,B19:29,B233:32,B233:33,B208:37,B208:38,B233:34,B233:35,B208:39,B208:40,B24:16,B24:17,B101:29,B101:30,B24:18,B24:19,B101:31,B101:32,B233:36,B233:37,B208:41,B208:42,B24:20,B24:21,B233:38,B233:39,B208:43,B208:44,B24:22,B24:23,B19:30,B19:31,B19:32,B19:33,B101:33,B101:34,B101:35,B101:36,B19:34,B19:35,B233:40,B233:41,B208:45,B208:46,B24:24,B24:25,B233:42,B233:43,B208:47,B208:48,B24:26,B24:27,B101:37,B101:38,B233:44,B233:45,B208:49,B208:50,B24:28,B24:29,B19:36,B19:37,B101:39,B101:40,B233:46,B233:47,B208:51,B208:52,B24:30,B24:31,C194:1,C1320:1,C16:2,C3:2,C16:3,C3:3,C16:4,C3:4,C16:5,C3:5,C16:6,C3:6,C239:1,C1405:1,C16:7,C3:7,C16:8,C3:8,C16:9,C3:9,C16:10,C16:11,C16:12,C16:13,C16:14,C16:15,C4:1,C113:1,C195:1,C173:1,C16:16,C16:17,C16:18,C198:1,C148:1,C193:1,C16:19,C16:20,C16:21,C111:1,C16:22,C16:23,C16:24,C99:1,C225:1,C169:1,C131:1,C171:1,C303:1,C415:1,C416:1,C131:2,C418:1,C313:1,C99:2,C303:2,C131:3,C313:2,C303:3,C313:3,C415:2,C416:2,C313:4,C313:5,C303:4,C313:6,C313:7,C415:3,C416:3,C313:8
SP	10	A1177:1,A1184:1,A1147:1,A249:1,A244:1,A1168:1,B1177:2,B1177:3,B1184:2,B1177:4,B1177:5,B1184:3,B1184:4,B1147:2,B244:2,B244:3,B249:2,C1068:1,C1040:1,C1012:1,C146:1,C194:1,C163:1,C118:1,C214:1,C1320:1,C239:1,C1405:1,C1216:1,C1011:1,C1015:1,C1027:1,C1164:1
SP	11	A1172:1,A249:1,A244:1,A1168:1,A1177:1,A1184:1,A1147:1,A234:1,A1274:1,B1172:2,B244:2,B244:3,B1177:2,B1177:3,B1184:2,B1177:4,B1177:5,B1184:3,B1184:4,B1147:2,B234:2,B1184:5,B1184:6,B1147:3,B1147:4,B1220:1,B1172:3,B1172:4,B249:2,B234:3,B249:4,B234:4,B249:5,B249:3,B1168:2,B1147:5,B1147:6,B1181:1,B1172:5,B1172:6,B1274:2,B234:5,B249:6,B234:6,B249:7,B228:1,B1172:7,B1172:8,B1274:3,B234:7,B249:8,B234:8,B249:9,B1168:3,B1274:4,C1068:1,C1040:1,C1012:1,C146:1,C194:1,C163:1,C118:1,C214:1,C1320:1,C239:1,C1405:1,C1069:1,C1216:1,C1011:1,C1015:1,C1027:1,C1127:1,C285:1,C1220:2,C1164:1,C1078:1,C1069:2,C1069:3,C213:1,C1220:3,C1220:4,C164:1,C1083:1,C1069:4,C1069:5,C1069:6,C1220:5,C1220:6,C229:1,C1181:2,C1069:7,C1069:8,C1069:9,C1220:7,C1220:8,C1144:1,C1181:3,C1160:1,C1222:1,C1078:2,C212:1
SP	12	A249:1,A244:1,A1172:1,A1168:1,A1177:1,A1184:1,A1147:1,A234:1,A1274:1,A1231:1,A1417:1,A1288:1,A1289:1,A1292:1,B1172:2,B244:2,B244:3,B1177:2,B1177:3,B1184:2,B1177:4,B1177:5,B1184:3,B1184:4,B1147:2,B234:2,B1184:5,B1184:6,B1147:3,B1147:4,B1220:1,B1172:3,B1172:4,B249:2,B234:3,B249:4,B234:4,B249:5,B249:3,B1147:5,B1147:6,B1168:2,B1181:1,B1172:5,B1172:6,B234:5,B249:6,B234:6,B249:7,B228:1,B1274:2,B1172:7,B1172:8,B234:7,B249:8,B234:8,B249:9,B234:9,B249:10,B234:10,B249:11,B234:11,B249:12,B1274:3,B1231:2,B1168:3,B234:12,B249:13,B234:13,B249:14,B234:14,B249:15,B1231:3,B1231:4,B1230:1,B1171:1,B1274:4,B234:15,B249:16,B234:16,B249:17,B234:17,B249:18,B1231:5,B1231:6,B234:18,B249:19,B234:19,B249:20,B234:20,B249:21,B1231:7,B1231:8,B234:21,B249:22,B234:22,B249:23,B234:23,B249:24,B1275:1,B1231:9,B1231:10,B1231:11,B1231:12,B1231:13,B1231:14,B234:24,B249:25,B234:25,B249:26,B1231:15,B1231:16,B234:26,B249:27,B234:27,B249:28,B1231:17,B1231:18,B234:28,B249:29,B234:29,B249:30,B1231:19,B1231:20,B234:30,B249:31,B234:31,B249:32,B1296:1,B1231:21,B1231:22,B234:32,B249:33,B234:33,B249:34,B1417:2,B1231:23,B1231:24,B234:34,B249:35,B234:35,B249:36,B234:36,B249:37,B234:37,B249:38,B1417:3,B1231:25,B1231:26,B1417:4,B234:38,B249:39,B234:39,B249:40,B1231:27,B1231:28,B234:40,B249:41,B234:41,B249:42,B1417:5,C1068:1,C1040:1,C1012:1,C146:1,C194:1,C163:1,C118:1,C214:1,C1320:1,C239:1,C1405:1,C1069:1,C1216:1,C1011:1,C1015:1,C1027:1,C1127:1,C285:1,C1220:2,C1164:1,C1078:1,C1069:2,C1069:3,C213:1,C1220:3,C1220:4,C164:1,C1083:1,C1069:4,C1069:5,C1069:6,C1220:5,C1220:6,C229:1,C1181:2,C1069:7,C1069:8,C1069:9,C1220:7,C1220:8,C1144:1,C1181:3,C1160:1,C1222:1,C1078:2,C1069:10,C1069:11,C1069:12,C1230:2,C1171:2,C1069:13,C1069:14,C1069:15,C212:1,C1232:1,C1230:3,C1171:3,C1230:4,C1171:4,C1074:1,C228:2,C1072:1,C146:21,C1069:16,C1069:17,C1069:18,C146:20,C146:19,C1297:1,C1230:5,C1171:5,C1230:6,C1171:6,C146:24,C146:23,C146:22,C1069:19,C1069:20,C1069:21,C146:27,C146:26,C1275:2,C146:25,C1069:22,C1069:23,C1069:24,C1230:7,C1171:7,C1230:8,C1171:8,C1078:3,C1230:9,C1171:9,C1230:10,C1171:10,C228:3,C1275:3,C1230:11,C1230:12,C146:29,C146:28,C1232:2,C1069:25,C1069:26,C1230:13,C1230:14,C146:31,C146:30,C1275:4,C1069:27,C1069:28,C1275:5,C1171:13,C1230:15,C1230:16,C146:33,C146:32,C1078:4,C1275:6,C1171:11,C1072:2,C1232:3,C1069:29,C1069:30,C146:35,C146:34,C1230:17,C1230:18,C1296:2,C1275:7,C1171:12,C1069:31,C1069:32,C146:37,C146:36,C1230:19,C1230:20,C146:39,C146:38,C1078:5,C1230:21,C1230:22,C1069:33,C1069:34,C1296:3,C1275:8,C1285:1,C146:41,C1069:35,C1069:36,C146:40,C1230:23,C1230:24,C1072:3,C1296:4,C1275:9,C1171:14,C1069:37,C1069:38,C1296:5,C1275:10,C1171:15,C146:42,C146:43,C1296:6,C1275:11,C1171:16,C1072:4,C1230:25,C1230:26,C1078:6,C146:45,C1296:7,C1275:12,C1171:17,C146:44,C1069:39,C1069:40,C1230:27,C1230:28,C1072:5,C1069:41,C1069:42,C1296:8,C1275:13,C1171:18,C1296:9,C1275:14,C1171:19
SP	13	A249:1,A244:1,A1172:1,A1168:1,A1177:1,A1184:1,A1147:1,A234:1,A1274:1,A1234:1,A1155:1,A1148:1,B1172:2,B244:2,B244:3,B1177:2,B1177:3,B1184:2,B1177:4,B1177:5,B1184:3,B1184:4,B1147:2,B234:2,B1184:5,B1184:6,B1147:3,B1147:4,B1220:1,B1172:3,B1172:4,B249:2,B234:3,B249:4,B234:4,B249:5,B249:3,B1168:2,B1147:5,B1147:6,B1181:1,B1172:5,B1172:6,B1274:2,B234:5,B249:6,B234:6,B249:7,B228:1,B1172:7,B1172:8,B1274:3,B234:7,B249:8,B234:8,B249:9,B234:9,B249:10,B234:10,B249:11,B234:11,B249:12,B1168:3,B234:12,B249:13,B234:13,B249:14,B234:14,B249:15,B1234:2,B1274:4,B1234:3,B1234:4,B234:15,B249:16,B234:16,B249:17,B234:17,B249:18,B1155:2,B1234:5,B1234:6,B234:18,B249:19,B234:19,B249:20,B234:20,B249:21,B234:21,B249:22,B234:22,B249:23,B234:23,B249:24,B1155:3,B1155:4,B1234:7,B1234:8,B1155:5,B1155:6,B1234:9,B1234:10,B1234:11,B1234:12,B1168:4,B1148:2,B234:24,B249:25,B234:25,B249:26,B1234:13,B1234:14,B1148:3,B1234:15,B1234:16,B1148:4,B234:26,B249:27,B234:27,B249:28,B1148:5,B1155:7,B1234:17,B1234:18,B234:28,B249:29,B234:29,B249:30,B1168:5,B234:30,B249:31,B234:31,B249:32,B1148:6,B1155:8,B1234:19,B1234:20,B234:32,B249:33,B234:33,B249:34,B1148:7,B1155:9,B1234:21,B1234:22,B1234:23,B1234:24,B1148:8,B1155:10,B234:34,B249:35,B234:35,B249:36,B1168:6,B234:36,B249:37,B234:37,B249:38,B1148:9,B1155:11,B1234:25,B1234:26,B1148:10,B1155:12,B1148:11,B1155:13,B234:38,B249:39,B234:39,B249:40,B1234:27,B1234:28,B234:40,B249:41,B234:41,B249:42,B1148:12,B1155:14,B1148:13,B1155:15,B1168:7,C1068:1,C1040:1,C1012:1,C146:1,C194:1,C163:1,C118:1,C214:1,C1320:1,C239:1,C1405:1,C1069:1,C1216:1,C1011:1,C1015:1,C1027:1,C1127:1,C285:1,C1220:2,C1164:1,C1078:1,C1069:2,C1069:3,C213:1,C1220:3,C1220:4,C164:1,C1083:1,C1069:4,C1069:5,C1069:6,C1220:5,C1220:6,C229:1,C1181:2,C1069:7,C1069:8,C1069:9,C1220:7,C1220:8,C1144:1,C1181:3,C1222:1,C1160:1,C1078:2,C1069:10,C1069:11,C1069:12,C1069:13,C1069:14,C1069:15,C212:1,C146:21,C1069:16,C1069:17,C1069:18,C146:20,C146:19,C228:2,C1263:1,C146:24,C146:23,C146:22,C146:27,C146:26,C1069:19,C1069:20,C1069:21,C146:25,C1069:22,C1069:23,C1069:24,C228:3,C146:29,C146:28,C1069:25,C1069:26,C1298:1,C1269:1,C1382:1,C146:31,C146:30,C1069:27,C1069:28,C146:33,C146:32,C1069:29,C1069:30,C146:35,C146:34,C1069:31,C1069:32,C146:37,C146:36,C1069:33,C1069:34,C146:39,C146:38,C146:41,C146:40,C1069:35,C1069:36,C1069:37,C1069:38,C146:42,C146:43,C146:44,C146:45,C1069:39,C1069:40,C1069:41,C1069:42
SP	14	A1172:1,A249:1,A244:1,A1168:1,A1177:1,A1184:1,A1147:1,A234:1,A1274:1,A143:1,B1172:2,B244:2,B244:3,B1177:2,B1177:3,B1184:2,B1177:4,B1177:5,B1184:3,B1184:4,B1147:2,B234:2,B1184:5,B1184:6,B1147:3,B1147:4,B1220:1,B1172:3,B1172:4,B249:2,B234:3,B249:4,B234:4,B249:5,B249:3,B1147:5,B1147:6,B1168:2,B1181:1,B1172:5,B1172:6,B1274:2,B234:5,B249:6,B234:6,B249:7,B228:1,B1172:7,B1172:8,B1274:3,B234:7,B249:8,B234:8,B249:9,B234:9,B249:10,B234:10,B249:11,B234:11,B249:12,B1168:3,B1274:4,B234:12,B249:13,B234:13,B249:14,B234:14,B249:15,B234:15,B249:16,B234:16,B249:17,B234:17,B249:18,B234:18,B249:19,B234:19,B249:20,B234:20,B249:21,B234:21,B249:22,B234:22,B249:23,B234:23,B249:24,B234:24,B249:25,B234:25,B249:26,B234:26,B249:27,B234:27,B249:28,B143:2,B234:28,B249:29,B234:29,B249:30,B234:30,B249:31,B234:31,B249:32,B234:32,B249:33,B234:33,B249:34,B234:34,B249:35,B234:35,B249:36,B234:36,B249:37,B234:37,B249:38,B234:38,B249:39,B234:39,B249:40,B234:40,B249:41,B234:41,B249:42,C1068:1,C1040:1,C1012:1,C146:1,C194:1,C163:1,C118:1,C214:1,C1320:1,C239:1,C1405:1,C1069:1,C1216:1,C1011:1,C1015:1,C1027:1,C1127:1,C285:1,C1220:2,C1164:1,C1078:1,C1069:2,C1069:3,C213:1,C1220:3,C1220:4,C164:1,C1083:1,C1069:4,C1069:5,C1069:6,C1220:5,C1220:6,C229:1,C1181:2,C1069:7,C1069:8,C1069:9,C1220:7,C1220:8,C1144:1,C1181:3,C1160:1,C1222:1,C1078:2,C212:1,C1140:1,C1300:1,C228:2,C1139:1,C1141:1,C146:21,C146:20,C146:19,C146:27,C146:26,C146:25,C146:24,C146:23,C146:22,C228:3,C146:29,C146:28,C1386:1,C1383:1,C1140:2,C1144:2,C146:31,C146:30,C1140:3,C1139:2,C1141:2,C146:33,C146:32,C146:35,C146:34,C1301:1,C146:37,C146:36,C146:41,C146:40,C146:38,C146:39,C146:42,C146:43,C146:44,C146:45
SP	15	A1177:1,A1184:1,A1147:1,A249:1,A244:1,A1168:1,A235:1,B1177:2,B1177:3,B1184:2,B1177:4,B1177:5,B1184:3,B1184:4,B1147:2,B244:2,B244:3,B235:2,B1031:1,B249:2,B249:3,B235:3,B249:4,B235:4,B249:5,B235:5,B249:6,B235:6,B249:7,B228:1,B235:7,B249:8,B235:8,B249:9,C1068:1,C1040:1,C1012:1,C146:1,C194:1,C163:1,C118:1,C214:1,C1320:1,C239:1,C1405:1,C1216:1,C1011:1,C1015:1,C1027:1,C1069:1,C1164:1,C1201:1,C1031:2,C1204:1,C1078:1,C1085:1,C1073:1,C1069:2,C1069:3,C213:1,C164:1,C1031:3,C1031:4,C1068:2,C1077:1,C1043:1,C1035:1,C1069:4,C1069:5,C1069:6,C1031:5,C1031:6,C229:1,C1191:1,C1040:2,C1069:7,C1069:8,C1069:9,C1031:7,C1031:8,C1044:1,C1062:1,C1204:2,C1078:2,C212:1,C1085:2
SP	16	A1177:1,A1184:1,A1216:1,A1011:1,A1015:1,A1027:1,A1147:1,A249:1,A244:1,A1168:1,A235:1,A1219:1,A1218:1,A1217:1,A1020:1,A1258:1,A1401:1,A1402:1,A1271:1,B1177:2,B1177:3,B1184:2,B1011:2,B1011:3,B1015:2,B1027:2,B1015:3,B1027:3,B1011:4,B1011:5,B1011:6,B1177:4,B1177:5,B1184:3,B1184:4,B1147:2,B1015:4,B1027:4,B1015:5,B1027:5,B1015:6,B1027:6,B1011:7,B1011:8,B1011:9,B244:2,B244:3,B235:2,B1015:7,B1027:7,B1015:8,B1027:8,B1015:9,B1027:9,B1011:10,B1011:11,B1011:12,B249:2,B1015:10,B1027:10,B1015:11,B1027:11,B1015:12,B1027:12,B1011:13,B1011:14,B1011:15,B249:3,B235:3,B249:4,B235:4,B249:5,B1015:13,B1027:13,B1015:14,B1027:14,B1015:15,B1027:15,B1011:16,B1011:17,B1011:18,B235:5,B249:6,B235:6,B249:7,B228:1,B1219:2,B1218:2,B1217:2,B1219:3,B1218:3,B1217:3,B1219:4,B1218:4,B1217:4,B1219:5,B1218:5,B1217:5,B1219:6,B1218:6,B1217:6,B235:7,B249:8,B235:8,B249:9,B235:9,B249:10,B235:10,B249:11,B235:11,B249:12,B235:12,B249:13,B235:13,B249:14,B235:14,B249:15,B1020:2,B1020:3,B1219:7,B1218:7,B1217:7,B1219:8,B1218:8,B1217:8,B1219:9,B1218:9,B1217:9,B1020:7,B1020:8,B1020:9,B1219:13,B1218:13,B1217:13,B1219:14,B1218:14,B1217:14,B1219:15,B1218:15,B1217:15,B1020:4,B1020:5,B1020:6,B1219:10,B1218:10,B1217:10,B1219:11,B1218:11,B1217:11,B1219:12,B1218:12,B1217:12,B235:15,B249:16,B235:16,B249:17,B235:17,B249:18,B235:21,B249:22,B235:22,B249:23,B235:23,B249:24,B235:18,B249:19,B235:19,B249:20,B235:20,B249:21,B1020:10,B1020:11,B1219:16,B1218:16,B1217:16,B1219:17,B1218:17,B1217:17,B235:24,B249:25,B235:25,B249:26,B1020:12,B1020:13,B1219:18,B1218:18,B1217:18,B1219:19,B1218:19,B1217:19,B1258:2,B1258:4,B235:26,B249:27,B235:27,B249:28,B1258:3,B1401:2,B1020:14,B1020:15,B1219:20,B1218:20,B1217:20,B1219:21,B1218:21,B1217:21,B1020:16,B1020:17,B1219:22,B1218:22,B1217:22,B1219:23,B1218:23,B1217:23,B1401:3,B235:28,B249:29,B235:29,B249:30,B235:30,B249:31,B235:31,B249:32,B1020:18,B1020:19,B1219:24,B1218:24,B1217:24,B1219:25,B1218:25,B1217:25,B1020:20,B1020:21,B1219:26,B1218:26,B1217:26,B1219:27,B1218:27,B1217:27,B1402:2,B1401:4,B1401:5,B235:32,B249:33,B235:33,B249:34,B1020:22,B1020:23,B1219:28,B1218:28,B1217:28,B1219:29,B1218:29,B1217:29,B235:34,B249:35,B235:35,B249:36,B235:36,B249:37,B235:37,B249:38,B1402:3,B1401:6,B1401:7,B1020:24,B1020:25,B1219:30,B1218:30,B1217:30,B1219:31,B1218:31,B1217:31,B1402:4,B1401:8,B1020:26,B1020:27,B1219:32,B1218:32,B1217:32,B1219:33,B1218:33,B1217:33,B235:38,B249:39,B235:39,B249:40,B235:40,B249:41,B235:41,B249:42,B1401:9,B1402:5,B1401:10,B1401:11,C1068:1,C1040:1,C1012:1,C146:1,C194:1,C163:1,C118:1,C214:1,C1320:1,C239:1,C1405:1,C1031:1,C1069:1,C1164:1,C1201:1,C1204:1,C1078:1,C1085:1,C1073:1,C1069:2,C1069:3,C213:1,C164:1,C1068:2,C1077:1,C1043:1,C1035:1,C1069:4,C1069:5,C1069:6,C229:1,C1191:1,C1040:2,C1069:7,C1069:8,C1069:9,C1044:1,C1062:1,C1069:10,C1069:11,C1069:12,C1028:1,C1204:2,C1078:2,C1069:13,C1069:14,C1069:15,C212:1,C228:2,C146:21,C1085:2,C1069:16,C1069:17,C1069:18,C146:20,C146:19,C1018:1,C146:27,C146:26,C146:25,C146:24,C146:23,C1069:22,C1069:23,C1069:24,C146:22,C1069:19,C1069:20,C1069:21,C228:3,C146:29,C146:28,C1394:1,C1069:25,C1069:26,C1396:1,C146:31,C146:30,C1069:27,C1069:28,C146:33,C146:32,C146:35,C146:34,C1394:2,C1069:29,C1069:30,C1418:1,C1069:31,C1069:32,C146:37,C146:36,C1394:3,C213:6,C146:39,C146:38,C1307:1,C1069:33,C1069:34,C146:41,C146:40,C1069:35,C1069:36,C1394:4,C1394:5,C1069:37,C1069:38,C146:42,C146:43,C213:7,C1394:6,C1394:7,C146:44,C146:45,C1069:39,C1069:40,C1307:2,C1394:8,C1069:41,C1069:42,C213:8,C1394:9,C1307:3,C1394:10
SP	17	A1177:1,A1184:1,A1147:1,A249:1,A244:1,A1168:1,A235:1,A1043:1,A1062:1,B1177:2,B1177:3,B1184:2,B1177:4,B1177:5,B1068:1,B1040:1,B1184:3,B1184:4,B1147:2,B244:2,B244:3,B235:2,B1069:1,B249:2,B1078:1,B1085:1,B1073:1,B1204:1,B249:3,B235:3,B249:4,B235:4,B249:5,B1035:1,B1077:1,B235:5,B249:6,B235:6,B249:7,B228:1,B1191:1,B235:7,B249:8,B235:8,B249:9,B235:9,B249:10,B235:10,B249:11,B235:11,B249:12,B235:12,B249:13,B235:13,B249:14,B235:14,B249:15,B1044:1,B235:15,B249:16,B235:16,B249:17,B235:17,B249:18,B1240:1,B1242:1,B1032:1,B1243:1,B235:18,B249:19,B235:19,B249:20,B235:20,B249:21,B1036:1,B1045:1,B1048:1,B1086:1,B235:21,B249:22,B235:22,B249:23,B235:23,B249:24,B235:24,B249:25,B235:25,B249:26,B1062:2,B1182:1,B1189:1,B1388:1,B1389:1,B1392:1,B1393:1,B235:26,B249:27,B235:27,B249:28,B211:5,B235:28,B249:29,B235:29,B249:30,B1033:1,B235:30,B249:31,B235:31,B249:32,B235:32,B249:33,B235:33,B249:34,B211:6,B235:34,B249:35,B235:35,B249:36,B235:36,B249:37,B235:37,B249:38,B235:38,B249:39,B235:39,B249:40,B211:7,B235:40,B249:41,B235:41,B249:42,C1012:1,C146:1,C194:1,C163:1,C118:1,C214:1,C1320:1,C239:1,C1405:1,C1216:1,C1011:1,C1015:1,C1027:1,C1031:1,C1164:1,C1069:2,C1069:3,C1201:1,C1068:2,C1069:4,C1069:5,C1069:6,C213:1,C164:1,C1040:2,C1069:7,C1069:8,C1069:9,C229:1,C1078:2,C1204:2,C1085:2,C211:1,C212:1,C1191:2,C1035:2,C1068:3,C228:2,C146:21,C146:20,C146:19,C1077:2,C1191:3,C1040:3,C1078:3,C146:24,C146:23,C146:22,C211:2,C146:27,C146:26,C146:25,C1240:2,C1242:2,C1032:2,C1243:2,C1045:2,C1048:2,C1044:2,C1035:3,C1085:3,C211:3,C211:4,C228:3,C1036:2,C1086:2,C1073:2,C1077:3,C1045:3,C1048:3,C1078:4,C1240:3,C1242:3,C1032:3,C1243:3,C1044:3,C1035:4,C1045:4,C1048:4,C146:29,C146:28,C146:31,C146:30,C146:33,C146:32,C1078:5,C146:35,C146:34,C1182:2,C1189:2,C1048:5,C146:37,C146:36,C1033:2,C1045:5,C213:6,C1388:2,C1389:2,C1392:2,C1393:2,C1182:3,C1189:3,C146:38,C146:39,C146:40,C146:41,C1033:3,C1078:6,C213:7,C1048:6,C146:42,C146:43,C146:44,C146:45,C1045:6,C1388:3,C1389:3,C1392:3,C1393:3,C213:8
SP	18	A16:1,A141:1,A142:1,A56:1,A3:1,B16:2,B16:3,B16:4,B16:5,B16:6,B16:7,B16:8,B16:9,B141:2,B142:2,B142:3,B56:2,B56:3,B56:4,B56:5,B56:6,B3:2,B3:3,B3:4,B3:5,B3:6,B56:7,B56:8,B56:9,B3:7,B3:8,B3:9,B142:4,B142:5,B141:3,C91:1,C77:1,C194:1,C1320:1,C239:1,C1405:1,C58:1
SP	19	A141:1,A142:1,A3:1,A232:1,A217:1,A153:1,B141:2,B142:2,B142:3,B3:2,B3:3,B3:4,B3:5,B3:6,B56:1,B16:1,B3:7,B3:8,B3:9,B232:2,B232:3,B142:4,B142:5,B232:4,B232:5,B232:6,B141:3,B232:7,B232:8,B232:9,B217:3,B217:4,B232:10,B232:11,B232:12,B217:2,B217:5,B217:6,B232:13,B232:14,B232:15,B153:2,B217:7,B217:8,C91:1,C77:1,C194:1,C1320:1,C56:2,C16:2,C56:3,C16:3,C56:4,C16:4,C56:5,C16:5,C56:6,C16:6,C239:1,C1405:1,C56:7,C16:7,C56:8,C16:8,C56:9,C16:9,C58:1,C147:1,C110:1,C21:1,C91:2,C112:1,C61:1,C230:1,C77:2,C102:1,C112:2,C191:1
SP	20	A141:1,A142:1,A3:1,A232:1,A28:1,A217:1,A153:1,A18:1,A143:1,A400:1,B91:1,B77:1,B141:2,B142:2,B142:3,B3:2,B3:3,B3:4,B3:5,B3:6,B3:7,B3:8,B3:9,B232:2,B232:3,B142:4,B142:5,B232:4,B232:5,B232:6,B28:2,B28:3,B141:3,B110:1,B232:7,B232:8,B232:9,B28:4,B28:5,B28:6,B217:3,B217:4,B112:1,B232:10,B232:11,B232:12,B217:2,B28:7,B28:8,B28:9,B217:9,B217:10,B217:11,B232:16,B232:17,B232:18,B18:2,B18:3,B28:13,B28:14,B28:15,B217:12,B217:13,B217:14,B232:19,B232:20,B232:21,B18:4,B18:5,B18:6,B28:16,B28:17,B28:18,B217:5,B217:6,B232:13,B232:14,B232:15,B28:10,B28:11,B28:12,B153:2,B217:15,B217:16,B217:17,B232:22,B232:23,B232:24,B18:7,B18:8,B18:9,B28:19,B28:20,B28:21,B217:7,B217:8,B230:1,B123:1,B197:1,B217:18,B217:19,B217:20,B232:25,B232:26,B232:27,B18:10,B18:11,B18:12,B28:22,B28:23,B28:24,B153:3,B217:21,B217:22,B217:23,B232:28,B232:29,B232:30,B18:13,B18:14,B18:15,B28:25,B28:26,B28:27,B217:24,B217:25,B217:26,B232:31,B232:32,B232:33,B18:16,B18:17,B18:18,B28:28,B28:29,B28:30,B217:27,B217:28,B217:29,B232:34,B232:35,B232:36,B18:19,B18:20,B18:21,B28:31,B28:32,B28:33,B217:30,B217:31,B232:37,B232:38,B18:22,B18:23,B28:34,B28:35,B147:37,B147:36,B153:4,B400:2,B217:32,B217:33,B232:39,B232:40,B18:24,B18:25,B28:36,B28:37,B147:39,B400:3,B147:38,B143:2,B217:34,B217:35,B232:41,B232:42,B147:41,B147:40,B18:26,B18:27,B28:38,B28:39,B400:4,B217:36,B217:37,B232:43,B232:44,B147:43,B147:42,B400:5,B18:28,B18:29,B28:40,B28:41,B147:45,B147:47,B147:44,B147:46,B217:38,B217:39,B232:45,B232:46,B217:40,B217:41,B232:47,B232:48,B18:30,B18:31,B28:42,B28:43,B18:32,B18:33,B28:44,B28:45,B400:6,B147:49,B147:48,B217:42,B217:43,B232:49,B232:50,B400:7,B400:8,B18:34,B18:35,B28:46,B28:47,B400:9,B147:51,B147:50,B217:44,B217:45,B232:51,B232:52,B18:36,B18:37,B28:48,B28:49,B400:10,C56:1,C16:1,C194:1,C1320:1,C239:1,C1405:1,C147:1,C58:1,C147:2,C21:1,C147:5,C147:4,C91:2,C147:3,C147:8,C147:7,C147:6,C61:1,C147:11,C147:17,C147:10,C147:16,C147:9,C147:15,C147:20,C147:19,C147:18,C147:14,C147:13,C147:12,C147:23,C147:22,C77:2,C147:21,C147:26,C147:25,C147:24,C112:2,C147:29,C147:28,C147:27,C112:3,C102:1,C147:32,C147:31,C147:35,C147:30,C147:34,C147:33,C197:2,C110:2,C191:1,C123:2,C112:4,C230:2,C402:1,C291:1,C107:1,C123:3,C316:1
SP	21	A141:1,A142:1,A3:1,A232:1,A217:1,A153:1,A98:1,A407:1,B141:2,B142:2,B142:3,B3:2,B3:3,B3:4,B3:5,B3:6,B56:1,B16:1,B3:7,B3:8,B3:9,B232:2,B232:3,B142:4,B142:5,B232:4,B232:5,B232:6,B141:3,B232:7,B232:8,B232:9,B217:3,B217:4,B232:10,B232:11,B232:12,B217:2,B217:5,B217:6,B232:13,B232:14,B232:15,B153:2,B217:9,B217:10,B217:11,B217:7,B217:8,B217:12,B217:13,B217:14,B217:15,B217:16,B217:17,B217:18,B217:19,B217:20,B217:21,B217:22,B217:23,B217:24,B217:25,B217:26,B217:27,B217:28,B217:29,B217:30,B217:31,B217:32,B217:33,B217:34,B217:35,B98:2,B407:2,B407:3,B217:36,B217:37,B98:3,B407:4,B217:38,B217:39,B217:40,B217:41,B407:5,B217:42,B217:43,B98:4,B407:6,B407:7,B98:5,B407:8,B407:9,B217:44,B217:45,B407:10,C91:1,C77:1,C194:1,C1320:1,C56:2,C16:2,C56:3,C16:3,C56:4,C16:4,C56:5,C16:5,C56:6,C16:6,C239:1,C1405:1,C56:7,C16:7,C56:8,C16:8,C56:9,C16:9,C58:1,C147:1,C110:1,C21:1,C91:2,C112:1,C61:1,C230:1,C77:2,C102:1,C123:1,C267:1,C112:2,C196:1,C270:1,C147:23,C147:22,C191:1,C147:26,C147:25,C147:24,C268:1,C269:1,C147:32,C147:29,C147:31,C147:28,C147:30,C147:27,C147:35,C147:34,C147:33,C265:1,C264:1,C123:2,C402:1,C266:1,C147:37,C147:36,C147:39,C147:38,C230:2,C306:1,C147:40,C147:41,C123:3,C147:43,C147:42,C147:45,C147:44,C304:1,C147:46,C147:47,C147:48,C147:49,C308:1,C147:51,C147:50,C305:1
SP	22	A16:1,A141:1,A142:1,A208:1,A56:1,A233:1,A209:1,A96:1,A101:1,B16:2,B16:3,B16:4,B16:5,B16:6,B16:7,B16:8,B16:9,B16:10,B16:11,B16:12,B141:2,B142:2,B142:3,B208:2,B208:3,B56:2,B56:3,B56:4,B56:5,B56:6,B56:7,B56:8,B56:9,B3:1,B56:10,B56:11,B56:12,B16:13,B16:14,B16:15,B233:2,B142:4,B142:5,B208:4,B208:5,B208:6,B56:13,B56:14,B56:15,B16:16,B16:17,B16:18,B233:3,B233:4,B208:7,B208:8,B208:9,B56:16,B56:17,B56:18,B141:3,B16:19,B16:20,B16:21,B209:3,B209:4,B233:5,B233:6,B209:2,B208:10,B208:11,B208:12,B56:19,B56:20,B56:21,B16:22,B16:23,B16:24,B101:2,B101:3,B209:5,B209:6,B233:7,B233:8,B208:13,B208:14,B208:15,B56:22,B56:23,B56:24,B137:1,B209:7,B209:8,B233:9,B233:10,B96:2,C91:1,C77:1,C194:1,C1320:1,C3:2,C3:3,C3:4,C3:5,C3:6,C239:1,C1405:1,C3:7,C3:8,C3:9,C58:1,C113:1,C195:1,C173:1,C91:2,C61:1,C21:1,C198:1,C111:1,C99:1,C230:1,C169:1,C225:1,C77:2,C102:1,C171:1
SP	23	A16:1,A141:1,A142:1,A233:1,A209:1,A96:1,A263:1,A30:1,A321:1,B16:2,B16:3,B16:4,B16:5,B16:6,B16:7,B16:8,B16:9,B16:10,B16:11,B16:12,B141:2,B142:2,B142:3,B56:1,B3:1,B16:13,B16:14,B16:15,B233:2,B142:4,B142:5,B16:16,B16:17,B16:18,B233:3,B233:4,B141:3,B16:19,B16:20,B16:21,B209:3,B209:4,B233:5,B233:6,B209:2,B263:2,B263:3,B16:22,B16:23,B16:24,B209:5,B209:6,B233:7,B233:8,B30:2,B30:3,B263:4,B263:5,B263:6,B209:9,B209:10,B209:11,B233:11,B233:12,B233:13,B263:7,B263:8,B263:9,B137:1,B101:1,B30:4,B30:5,B30:6,B30:7,B30:8,B30:9,B209:12,B209:13,B209:14,B233:14,B233:15,B233:16,B209:7,B209:8,B233:9,B233:10,B209:15,B209:16,B209:17,B233:17,B233:18,B233:19,B96:2,B263:10,B263:11,B263:12,B30:10,B30:11,B30:12,B209:18,B209:19,B209:20,B233:20,B233:21,B233:22,B137:2,B263:13,B263:14,B263:15,B30:13,B30:14,B30:15,B263:16,B263:17,B263:18,B263:19,B263:20,B263:21,B209:21,B209:22,B209:23,B233:23,B233:24,B233:25,B30:16,B30:17,B30:18,B30:19,B30:20,B30:21,B209:24,B209:25,B209:26,B233:26,B233:27,B233:28,B209:27,B209:28,B209:29,B233:29,B233:30,B233:31,B137:3,B96:3,B263:22,B263:23,B30:22,B30:23,B209:30,B209:31,B233:32,B233:33,B263:24,B263:25,B30:24,B30:25,B263:26,B263:27,B96:4,B209:32,B209:33,B233:34,B233:35,B263:28,B263:29,B30:26,B30:27,B263:30,B263:31,B321:2,B209:34,B209:35,B233:36,B233:37,B30:28,B30:29,B209:36,B209:37,B233:38,B233:39,B321:3,B321:4,B30:30,B30:31,B263:32,B263:33,B209:38,B209:39,B233:40,B233:41,B321:5,B321:6,B30:32,B30:33,B263:34,B263:35,B209:40,B209:41,B233:42,B233:43,B321:7,B321:8,B30:34,B30:35,B209:42,B209:43,B233:44,B233:45,B96:5,B263:36,B263:37,B96:6,B321:9,B321:10,B30:36,B30:37,B209:44,B209:45,B233:46,B233:47,C91:1,C77:1,C194:1,C1320:1,C56:2,C3:2,C56:3,C3:3,C56:4,C3:4,C56:5,C3:5,C56:6,C3:6,C239:1,C1405:1,C56:7,C3:7,C56:8,C3:8,C56:9,C3:9,C56:10,C56:11,C56:12,C58:1,C56:13,C56:14,C56:15,C195:1,C173:1,C113:1,C56:16,C56:17,C56:18,C91:2,C21:1,C61:1,C198:1,C56:19,C56:20,C56:21,C111:1,C101:2,C101:3,C56:22,C56:23,C56:24,C230:1,C99:1,C225:1,C169:1,C77:2,C123:1,C102:1,C12:1,C171:1,C123:2,C410:1,C412:1,C230:2,C453:1,C111:2,C123:3,C410:2,C410:3
SP	24	A141:1,A142:1,A208:1,A56:1,A233:1,A101:1,A19:1,A24:1,B141:2,B142:2,B142:3,B208:2,B208:3,B56:2,B56:3,B56:4,B56:5,B56:6,B56:7,B56:8,B56:9,B16:1,B3:1,B56:10,B56:11,B56:12,B233:2,B142:4,B142:5,B208:4,B208:5,B208:6,B56:13,B56:14,B56:15,B233:3,B233:4,B208:7,B208:8,B208:9,B56:16,B56:17,B56:18,B141:3,B233:5,B233:6,B208:10,B208:11,B208:12,B56:19,B56:20,B56:21,B101:2,B101:3,B233:7,B233:8,B208:13,B208:14,B208:15,B19:2,B19:3,B56:22,B56:23,B56:24,B137:1,B101:4,B101:5,B101:6,B19:4,B19:5,B19:6,B101:7,B101:8,B101:9,B233:11,B233:12,B233:13,B208:16,B208:17,B208:18,B19:7,B19:8,B19:9,B233:9,B233:10,B101:10,B101:11,B101:12,B233:14,B233:15,B233:16,B208:19,B208:20,B208:21,B233:17,B233:18,B233:19,B208:22,B208:23,B208:24,B24:2,B24:3,B19:10,B19:11,B19:12,B101:13,B101:14,B101:15,B233:20,B233:21,B233:22,B208:25,B208:26,B208:27,B24:4,B24:5,B24:6,B19:13,B19:14,B19:15,B101:16,B101:17,B101:18,B19:16,B19:17,B19:18,B233:23,B233:24,B233:25,B208:28,B208:29,B208:30,B24:7,B24:8,B24:9,B19:19,B19:20,B19:21,B101:19,B101:20,B101:21,B101:22,B101:23,B101:24,B233:26,B233:27,B233:28,B208:31,B208:32,B208:33,B24:10,B24:11,B24:12,B233:29,B233:30,B233:31,B208:34,B208:35,B208:36,B24:13,B24:14,B24:15,B19:22,B19:23,B101:25,B101:26,B19:24,B19:25,B233:32,B233:33,B208:37,B208:38,B24:16,B24:17,B101:27,B101:28,B19:26,B19:27,B233:34,B233:35,B208:39,B208:40,B24:18,B24:19,B101:29,B101:30,B19:28,B19:29,B233:36,B233:37,B208:41,B208:42,B101:31,B101:32,B24:20,B24:21,B19:30,B19:31,B233:38,B233:39,B208:43,B208:44,B24:22,B24:23,B101:33,B101:34,B19:32,B19:33,B101:35,B101:36,B233:40,B233:41,B208:45,B208:46,B24:24,B24:25,B19:34,B19:35,B233:42,B233:43,B208:47,B208:48,B24:26,B24:27,B101:37,B101:38,B233:44,B233:45,B208:49,B208:50,B24:28,B24:29,B19:36,B19:37,B101:39,B101:40,B233:46,B233:47,B208:51,B208:52,B24:30,B24:31,C91:1,C77:1,C194:1,C1320:1,C16:2,C3:2,C16:3,C3:3,C16:4,C3:4,C16:5,C3:5,C16:6,C3:6,C239:1,C1405:1,C16:7,C3:7,C16:8,C3:8,C16:9,C3:9,C16:10,C16:11,C16:12,C58:1,C16:13,C16:14,C16:15,C113:1,C195:1,C173:1,C16:16,C16:17,C16:18,C91:2,C21:1,C61:1,C198:1,C16:19,C16:20,C16:21,C111:1,C16:22,C16:23,C16:24,C230:1,C99:1,C225:1,C169:1,C77:2,C102:1,C123:1,C171:1,C303:1,C123:2,C416:1,C415:1,C413:1,C230:2,C99:2,C303:2,C123:3,C413:2,C303:3,C413:3,C416:2,C415:2,C413:4,C413:5,C303:4,C413:6,C413:7,C416:3,C415:3,C413:8
SP	25	A1177:1,A1184:1,A249:1,A244:1,B1177:2,B1177:3,B1184:2,B1177:4,B1177:5,B1184:3,B1184:4,B244:2,B244:3,B249:2,C1068:1,C1040:1,C1012:1,C146:1,C194:1,C163:1,C118:1,C214:1,C1320:1,C239:1,C1405:1,C1216:1,C1011:1,C1015:1,C1027:1,C1164:1,C1206:1
SP	26	A249:1,A244:1,A1177:1,A1184:1,A1172:1,A234:1,A1274:1,B1177:2,B1177:3,B244:2,B244:3,B1184:2,B1172:2,B1177:4,B1177:5,B1184:3,B1184:4,B234:2,B1184:5,B1184:6,B1175:1,B249:2,B1172:3,B1172:4,B234:3,B249:4,B234:4,B249:5,B249:3,B1181:1,B1172:5,B1172:6,B1274:2,B234:5,B249:6,B234:6,B249:7,B228:1,B1264:1,B1172:7,B1172:8,B1274:3,B234:7,B249:8,B234:8,B249:9,B1274:4,C1068:1,C1040:1,C1012:1,C146:1,C194:1,C163:1,C118:1,C214:1,C1320:1,C239:1,C1405:1,C1069:1,C1216:1,C1011:1,C1015:1,C1027:1,C1127:1,C1206:1,C1164:1,C285:1,C1175:2,C1078:1,C1069:2,C1069:3,C1175:3,C1175:4,C213:1,C164:1,C1182:1,C1069:4,C1069:5,C1069:6,C1175:5,C1175:6,C229:1,C1181:2,C1069:7,C1069:8,C1069:9,C1175:7,C1175:8,C1264:2,C1181:3,C1145:1,C1223:1,C1078:2,C212:1,C1264:3
SP	27	A249:1,A244:1,A1177:1,A1184:1,A1172:1,A234:1,A1274:1,A1231:1,A1417:1,A1288:1,A1290:1,A1293:1,B244:2,B244:3,B1177:2,B1177:3,B1184:2,B1172:2,B1177:4,B1177:5,B1184:3,B1184:4,B234:2,B1184:5,B1184:6,B1175:1,B249:2,B1172:3,B1172:4,B234:3,B249:4,B234:4,B249:5,B249:3,B1181:1,B1172:5,B1172:6,B234:5,B249:6,B234:6,B249:7,B228:1,B1274:2,B1264:1,B1172:7,B1172:8,B234:9,B249:10,B234:10,B249:11,B234:11,B249:12,B234:7,B249:8,B234:8,B249:9,B1231:2,B234:12,B249:13,B234:13,B249:14,B234:14,B249:15,B1274:3,B1231:3,B1231:4,B1235:1,B1236:1,B234:15,B249:16,B234:16,B249:17,B234:17,B249:18,B1237:1,B1231:5,B1231:6,B1274:4,B234:18,B249:19,B234:19,B249:20,B234:20,B249:21,B234:21,B249:22,B234:22,B249:23,B234:23,B249:24,B1275:1,B1265:1,B1231:7,B1231:8,B1231:9,B1231:10,B1231:11,B1231:12,B1174:1,B1231:13,B1231:14,B234:24,B249:25,B234:25,B249:26,B234:26,B249:27,B234:27,B249:28,B1231:15,B1231:16,B1231:17,B1231:18,B234:28,B249:29,B234:29,B249:30,B234:30,B249:31,B234:31,B249:32,B1231:19,B1231:20,B1295:1,B1231:21,B1231:22,B1231:23,B1231:24,B234:32,B249:33,B234:33,B249:34,B1417:2,B234:34,B249:35,B234:35,B249:36,B234:36,B249:37,B234:37,B249:38,B1417:3,B1231:25,B1231:26,B1417:4,B1231:27,B1231:28,B234:38,B249:39,B234:39,B249:40,B234:40,B249:41,B234:41,B249:42,B1417:5,C1068:1,C1040:1,C1012:1,C146:1,C194:1,C163:1,C118:1,C214:1,C1320:1,C239:1,C1405:1,C1069:1,C1216:1,C1011:1,C1015:1,C1027:1,C1127:1,C1164:1,C1206:1,C285:1,C1175:2,C1078:1,C1069:2,C1069:3,C1175:3,C1175:4,C213:1,C164:1,C1182:1,C1069:4,C1069:5,C1069:6,C1175:5,C1175:6,C229:1,C1181:2,C1069:7,C1069:8,C1069:9,C1175:7,C1175:8,C1069:10,C1069:11,C1069:12,C1264:2,C1181:3,C1145:1,C1235:2,C1236:2,C1223:1,C1078:2,C1069:13,C1069:14,C1069:15,C1238:1,C1047:1,C1237:2,C1235:3,C1236:3,C1235:4,C1236:4,C1071:1,C228:2,C212:1,C1264:3,C1072:1,C146:21,C1069:16,C1069:17,C1069:18,C146:20,C146:19,C1297:1,C1237:3,C1237:4,C1235:5,C1236:5,C1235:6,C1236:6,C1182:2,C146:27,C146:26,C146:25,C146:24,C146:23,C1275:2,C1265:2,C146:22,C1069:19,C1069:20,C1069:21,C1069:22,C1069:23,C1069:24,C1182:3,C1174:2,C1237:5,C1237:6,C1235:7,C1236:7,C1235:8,C1236:8,C1174:3,C1174:4,C1237:7,C1237:8,C1235:9,C1236:9,C1235:10,C1236:10,C228:3,C1174:5,C1174:6,C1235:11,C1235:12,C1275:3,C1265:3,C146:29,C146:28,C1069:25,C1069:26,C1238:2,C1047:2,C1174:7,C1174:8,C1235:13,C1235:14,C146:31,C146:30,C1069:27,C1069:28,C1275:4,C1265:4,C1275:5,C1265:5,C1174:9,C1174:10,C1235:15,C1235:16,C146:33,C146:32,C1072:2,C1238:3,C1275:6,C1265:6,C1237:9,C1236:11,C146:35,C146:34,C1069:29,C1069:30,C1174:11,C1174:12,C1235:17,C1235:18,C1295:2,C1275:7,C1265:7,C1237:10,C1236:12,C1069:31,C1069:32,C146:37,C146:36,C1174:13,C1174:14,C1235:19,C1235:20,C146:39,C146:38,C1047:3,C1174:15,C1174:16,C1235:21,C1235:22,C1295:3,C1275:8,C1265:8,C1237:11,C1236:13,C1286:1,C1069:33,C1069:34,C146:41,C146:40,C1174:17,C1174:18,C1235:23,C1235:24,C1069:35,C1069:36,C1072:3,C1295:4,C1275:9,C1265:9,C1237:12,C1236:14,C1069:37,C1069:38,C1295:5,C1275:10,C1265:10,C1237:13,C1236:15,C146:42,C146:43,C1295:6,C1275:11,C1265:11,C1237:14,C1236:16,C1072:4,C1174:19,C1174:20,C1235:25,C1235:26,C1295:7,C1275:12,C1265:12,C1237:15,C1236:17,C146:44,C146:45,C1069:39,C1069:40,C1174:21,C1174:22,C1235:27,C1235:28,C1047:4,C1072:5,C1069:41,C1069:42,C1295:8,C1275:13,C1265:13,C1237:16,C1236:18,C1295:9,C1275:14,C1265:14,C1237:17,C1236:19
SP	28	A249:1,A244:1,A1177:1,A1184:1,A1172:1,A234:1,A1274:1,A143:1,B1177:2,B1177:3,B244:2,B244:3,B1184:2,B1172:2,B1177:4,B1177:5,B1184:3,B1184:4,B234:2,B1184:5,B1184:6,B1175:1,B249:2,B1172:3,B1172:4,B234:3,B249:4,B234:4,B249:5,B249:3,B1181:1,B1172:5,B1172:6,B1274:2,B234:5,B249:6,B234:6,B249:7,B228:1,B1264:1,B1172:7,B1172:8,B1274:3,B234:7,B249:8,B234:8,B249:9,B234:9,B249:10,B234:10,B249:11,B234:11,B249:12,B234:12,B249:13,B234:13,B249:14,B234:14,B249:15,B1274:4,B234:15,B249:16,B234:16,B249:17,B234:17,B249:18,B234:21,B249:22,B234:22,B249:23,B234:23,B249:24,B234:18,B249:19,B234:19,B249:20,B234:20,B249:21,B234:24,B249:25,B234:25,B249:26,B234:26,B249:27,B234:27,B249:28,B143:2,B234:28,B249:29,B234:29,B249:30,B234:30,B249:31,B234:31,B249:32,B234:32,B249:33,B234:33,B249:34,B234:34,B249:35,B234:35,B249:36,B234:36,B249:37,B234:37,B249:38,B234:38,B249:39,B234:39,B249:40,B234:40,B249:41,B234:41,B249:42,C1068:1,C1040:1,C1012:1,C146:1,C194:1,C163:1,C118:1,C214:1,C1320:1,C239:1,C1405:1,C1069:1,C1216:1,C1011:1,C1015:1,C1027:1,C1127:1,C1206:1,C1164:1,C285:1,C1175:2,C1078:1,C1069:2,C1069:3,C1175:3,C1175:4,C213:1,C164:1,C1182:1,C1069:4,C1069:5,C1069:6,C1175:5,C1175:6,C229:1,C1181:2,C1069:7,C1069:8,C1069:9,C1175:7,C1175:8,C1264:2,C1181:3,C1145:1,C1223:1,C1078:2,C1140:1,C1300:1,C212:1,C228:2,C1264:3,C1139:1,C1141:1,C146:21,C146:20,C146:19,C146:27,C146:26,C146:25,C146:24,C146:23,C146:22,C228:3,C1140:2,C1145:2,C146:29,C146:28,C146:31,C146:30,C1384:1,C1140:3,C1145:3,C1139:2,C1141:2,C146:33,C146:32,C146:35,C146:34,C1301:1,C146:37,C146:36,C146:41,C146:40,C146:38,C146:39,C146:42,C146:43,C146:44,C146:45
SP	29	A1177:1,A1184:1,A1216:1,A1011:1,A1015:1,A1027:1,A249:1,A244:1,A235:1,B1177:2,B1177:3,B1184:2,B1011:2,B1011:3,B1015:2,B1027:2,B1015:3,B1027:3,B1011:4,B1011:5,B1011:6,B1177:4,B1177:5,B1184:3,B1184:4,B1015:4,B1027:4,B1015:5,B1027:5,B1015:6,B1027:6,B1011:7,B1011:8,B1011:9,B244:2,B244:3,B235:2,B1015:7,B1027:7,B1015:8,B1027:8,B1015:9,B1027:9,B1011:10,B1011:11,B1011:12,B249:2,B1015:10,B1027:10,B1015:11,B1027:11,B1015:12,B1027:12,B1011:13,B1011:14,B1011:15,B235:3,B249:4,B235:4,B249:5,B249:3,B1015:13,B1027:13,B1015:14,B1027:14,B1015:15,B1027:15,B1011:16,B1011:17,B1011:18,B235:5,B249:6,B235:6,B249:7,B228:1,B235:7,B249:8,B235:8,B249:9,C1068:1,C1040:1,C1012:1,C146:1,C194:1,C163:1,C118:1,C214:1,C1320:1,C239:1,C1405:1,C1069:1,C1031:1,C1206:1,C1164:1,C1201:1,C1204:1,C1078:1,C1073:1,C1069:2,C1069:3,C213:1,C164:1,C1087:1,C1043:1,C1035:1,C1068:2,C1069:4,C1069:5,C1069:6,C229:1,C1040:2,C1069:7,C1069:8,C1069:9,C1044:1,C1033:1,C1257:1,C1204:2,C1078:2,C212:1
SP	30	A1177:1,A1184:1,A1216:1,A1011:1,A1015:1,A1027:1,A249:1,A244:1,A235:1,A1217:1,A1020:1,A1401:1,B1177:2,B1177:3,B1184:2,B1011:2,B1011:3,B1015:2,B1027:2,B1015:3,B1027:3,B1011:4,B1011:5,B1011:6,B1177:4,B1177:5,B1184:3,B1184:4,B1015:4,B1027:4,B1015:5,B1027:5,B1015:6,B1027:6,B1011:7,B1011:8,B1011:9,B244:2,B244:3,B235:2,B1015:7,B1027:7,B1015:8,B1027:8,B1015:9,B1027:9,B1011:10,B1011:11,B1011:12,B249:2,B1015:10,B1027:10,B1015:11,B1027:11,B1015:12,B1027:12,B1011:13,B1011:14,B1011:15,B235:3,B249:4,B235:4,B249:5,B249:3,B1015:13,B1027:13,B1015:14,B1027:14,B1015:15,B1027:15,B1011:16,B1011:17,B1011:18,B235:5,B249:6,B235:6,B249:7,B228:1,B235:7,B249:8,B235:8,B249:9,B235:9,B249:10,B235:10,B249:11,B235:11,B249:12,B235:12,B249:13,B235:13,B249:14,B235:14,B249:15,B1217:2,B1020:2,B1217:3,B1020:3,B1217:7,B1020:7,B1217:8,B1020:8,B1217:9,B1020:9,B235:15,B249:16,B235:16,B249:17,B235:17,B249:18,B1217:4,B1020:4,B1217:5,B1020:5,B1217:6,B1020:6,B1217:10,B1217:11,B1217:12,B235:21,B249:22,B235:22,B249:23,B235:23,B249:24,B235:18,B249:19,B235:19,B249:20,B235:20,B249:21,B1217:13,B1217:14,B1217:15,B1020:10,B1020:11,B235:24,B249:25,B235:25,B249:26,B1020:12,B1020:13,B235:26,B249:27,B235:27,B249:28,B1401:2,B1020:14,B1020:15,B1217:16,B1217:17,B1020:16,B1020:17,B1217:18,B1217:19,B235:28,B249:29,B235:29,B249:30,B1401:3,B235:30,B249:31,B235:31,B249:32,B1020:18,B1020:19,B1217:20,B1217:21,B1020:20,B1020:21,B1217:22,B1217:23,B1401:4,B235:32,B249:33,B235:33,B249:34,B1401:5,B1020:22,B1020:23,B1217:24,B1217:25,B235:34,B249:35,B235:35,B249:36,B1401:6,B235:36,B249:37,B235:37,B249:38,B1020:24,B1020:25,B1217:26,B1217:27,B1401:7,B235:38,B249:39,B235:39,B249:40,B1401:8,B1020:26,B1020:27,B1217:28,B1217:29,B235:40,B249:41,B235:41,B249:42,B1401:9,B1401:10,B1401:11,C1068:1,C1040:1,C1012:1,C146:1,C194:1,C163:1,C118:1,C214:1,C1320:1,C239:1,C1405:1,C1069:1,C1031:1,C1206:1,C1164:1,C1201:1,C1078:1,C1073:1,C1204:1,C1069:2,C1069:3,C213:1,C164:1,C1035:1,C1087:1,C1043:1,C1068:2,C1069:4,C1069:5,C1069:6,C229:1,C1040:2,C1069:7,C1069:8,C1069:9,C1033:1,C1257:1,C1044:1,C1069:10,C1069:11,C1069:12,C1028:1,C1078:2,C1204:2,C1069:13,C1069:14,C1069:15,C1243:1,C1259:1,C212:1,C228:2,C146:21,C1069:16,C1069:17,C1069:18,C146:20,C146:19,C146:27,C146:26,C146:25,C146:24,C146:23,C1069:22,C1069:23,C1069:24,C146:22,C1069:19,C1069:20,C1069:21,C1033:2,C1035:2,C1068:3,C228:3,C1087:2,C1257:2,C1033:3,C1040:3,C1078:3,C1394:1,C146:29,C146:28,C1069:25,C1069:26,C1304:1,C1393:1,C1397:1,C146:31,C146:30,C1243:2,C1044:2,C1035:3,C1069:27,C1069:28,C1243:3,C1044:3,C1035:4,C1259:2,C1073:2,C1087:3,C1257:3,C1078:4,C146:33,C146:32,C146:35,C146:34,C1394:2,C1303:1,C1069:29,C1069:30,C1069:31,C1069:32,C146:37,C146:36,C1394:3,C1078:5,C213:6,C146:39,C146:38,C1069:33,C1069:34,C146:41,C1069:35,C1069:36,C146:40,C1243:4,C1394:4,C1259:3,C1394:5,C1069:37,C1069:38,C146:42,C146:43,C213:7,C1304:2,C1393:2,C1397:2,C1243:5,C1394:6,C1069:39,C1069:40,C146:44,C146:45,C1078:6,C1394:7,C1303:2,C1243:6,C1394:8,C1069:41,C1069:42,C213:8,C1304:3,C1259:4,C1394:9,C1393:3,C1397:3,C1394:10
SP	31	A16:1,A56:1,A141:1,A142:1,A3:1,A70:1,B16:2,B16:3,B16:4,B16:5,B16:6,B16:7,B16:8,B16:9,B56:2,B56:3,B56:4,B56:5,B56:6,B56:7,B56:8,B56:9,B141:2,B142:2,B142:3,B3:2,B3:3,B3:4,B3:5,B3:6,B3:7,B3:8,B3:9,B142:4,B142:5,B70:2,B141:3,C91:1,C77:1,C194:1,C1320:1,C239:1,C1405:1,C294:1
SP	32	A141:1,A142:1,A3:1,A232:1,A70:1,A223:1,A217:1,A153:1,A129:1,B141:2,B142:2,B142:3,B3:2,B3:3,B3:4,B3:5,B3:6,B3:7,B3:8,B3:9,B56:1,B16:1,B142:4,B142:5,B232:2,B232:3,B70:2,B223:2,B223:3,B70:3,B70:4,B141:3,B232:4,B232:5,B232:6,B223:4,B223:5,B223:6,B70:5,B70:6,B70:7,B232:7,B232:8,B232:9,B70:8,B70:9,B70:10,B223:7,B223:8,B223:9,B223:10,B223:11,B223:12,B217:3,B217:4,B232:10,B232:11,B232:12,B70:11,B70:12,B70:13,B217:2,B232:13,B232:14,B232:15,B70:14,B70:15,B70:16,B217:5,B217:6,B153:2,B217:7,B217:8,B105:1,C91:1,C77:1,C194:1,C1320:1,C56:2,C16:2,C56:3,C16:3,C56:4,C16:4,C56:5,C16:5,C56:6,C16:6,C56:7,C16:7,C56:8,C16:8,C56:9,C16:9,C239:1,C1405:1,C147:1,C110:1,C294:1,C112:1,C91:2,C105:2,C115:1,C77:2,C112:2,C191:1
SP	33	A141:1,A142:1,A3:1,A232:1,A70:1,A223:1,A217:1,A153:1,A129:1,A143:1,A103:1,A401:1,B141:2,B142:2,B142:3,B3:2,B3:3,B3:4,B3:5,B3:6,B3:7,B3:8,B3:9,B56:1,B16:1,B142:4,B142:5,B232:2,B232:3,B70:2,B223:2,B223:3,B70:3,B70:4,B141:3,B232:4,B232:5,B232:6,B223:4,B223:5,B223:6,B70:5,B70:6,B70:7,B232:7,B232:8,B232:9,B70:8,B70:9,B70:10,B223:7,B223:8,B223:9,B223:10,B223:11,B223:12,B223:13,B223:14,B223:15,B217:3,B217:4,B223:16,B223:17,B223:18,B232:10,B232:11,B232:12,B70:11,B70:12,B70:13,B217:2,B232:13,B232:14,B232:15,B217:9,B217:10,B217:11,B232:16,B232:17,B232:18,B223:19,B223:20,B223:21,B217:12,B217:13,B217:14,B232:19,B232:20,B232:21,B70:14,B70:15,B70:16,B70:17,B70:18,B70:19,B217:5,B217:6,B70:20,B70:21,B70:22,B153:2,B217:15,B217:16,B217:17,B232:22,B232:23,B232:24,B223:22,B223:23,B223:24,B217:7,B217:8,B70:23,B70:24,B70:25,B105:1,B217:18,B217:19,B217:20,B232:25,B232:26,B232:27,B70:26,B70:27,B70:28,B223:25,B223:26,B223:27,B153:3,B223:28,B223:29,B223:30,B223:31,B223:32,B223:33,B289:1,B217:21,B217:22,B217:23,B232:28,B232:29,B232:30,B70:29,B70:30,B70:31,B217:24,B217:25,B217:26,B232:31,B232:32,B232:33,B217:27,B217:28,B217:29,B232:34,B232:35,B232:36,B70:32,B70:33,B70:34,B70:35,B70:36,B70:37,B223:34,B223:35,B129:2,B223:36,B223:37,B217:30,B217:31,B232:37,B232:38,B223:38,B223:39,B70:38,B70:39,B401:2,B153:4,B217:32,B217:33,B232:39,B232:40,B143:2,B401:3,B70:40,B70:41,B217:34,B217:35,B232:41,B232:42,B223:40,B223:41,B129:3,B103:2,B70:42,B70:43,B401:4,B223:42,B223:43,B223:44,B223:45,B401:5,B217:36,B217:37,B232:43,B232:44,B70:44,B70:45,B217:38,B217:39,B232:45,B232:46,B223:46,B223:47,B217:40,B217:41,B232:47,B232:48,B103:3,B70:46,B70:47,B401:6,B70:48,B70:49,B217:42,B217:43,B232:49,B232:50,B401:7,B401:8,B70:50,B70:51,B129:4,B401:9,B223:48,B223:49,B103:4,B217:44,B217:45,B232:51,B232:52,B70:52,B70:53,B401:10,B129:5,C91:1,C77:1,C194:1,C1320:1,C56:2,C16:2,C56:3,C16:3,C56:4,C16:4,C56:5,C16:5,C56:6,C16:6,C56:7,C16:7,C56:8,C16:8,C56:9,C16:9,C239:1,C1405:1,C147:1,C110:1,C294:1,C112:1,C91:2,C105:3,C105:4,C105:2,C105:5,C105:6,C115:1,C77:2,C147:23,C147:22,C122:1,C105:7,C105:8,C147:26,C147:25,C147:24,C112:2,C191:1,C289:2,C105:9,C105:10,C112:3,C147:29,C147:28,C147:27,C289:3,C147:32,C147:31,C147:30,C147:35,C147:34,C147:33,C105:11,C105:12,C110:2,C105:13,C105:14,C289:4,C105:15,C105:16,C112:4,C402:1,C147:37,C147:36,C291:1,C289:5,C147:39,C147:38,C289:6,C147:41,C147:40,C289:7,C316:1,C289:8,C105:17,C147:43,C147:42,C147:44,C147:45,C289:9,C105:18,C147:46,C147:47,C289:10,C105:19,C147:48,C147:49,C289:11,C105:20,C289:12,C105:21,C289:13,C105:22,C147:50,C147:51,C289:14,C105:23,C289:15,C105:24
SP	34	A141:1,A142:1,A3:1,A232:1,A70:1,A223:1,A217:1,A153:1,A129:1,A144:1,A143:1,A103:1,A401:1,A408:1,A84:1,B141:2,B142:2,B142:3,B3:2,B3:3,B3:4,B3:5,B3:6,B3:7,B3:8,B3:9,B56:1,B16:1,B142:4,B142:5,B232:2,B232:3,B70:2,B223:2,B223:3,B70:3,B70:4,B141:3,B232:4,B232:5,B232:6,B223:4,B223:5,B223:6,B70:5,B70:6,B70:7,B232:7,B232:8,B232:9,B70:8,B70:9,B70:10,B223:7,B223:8,B223:9,B223:10,B223:11,B223:12,B217:3,B217:4,B232:10,B232:11,B232:12,B70:11,B70:12,B70:13,B217:2,B232:13,B232:14,B232:15,B217:9,B217:10,B217:11,B232:16,B232:17,B232:18,B217:12,B217:13,B217:14,B232:19,B232:20,B232:21,B223:13,B223:14,B223:15,B70:14,B70:15,B70:16,B223:16,B223:17,B223:18,B217:5,B217:6,B153:2,B217:15,B217:16,B217:17,B232:22,B232:23,B232:24,B217:7,B217:8,B144:2,B144:3,B144:4,B144:5,B144:6,B223:19,B223:20,B223:21,B70:17,B70:18,B70:19,B105:1,B70:20,B70:21,B70:22,B217:18,B217:19,B217:20,B232:25,B232:26,B232:27,B223:22,B223:23,B223:24,B144:7,B144:8,B144:9,B70:23,B70:24,B70:25,B153:3,B144:10,B144:11,B144:12,B289:1,B217:21,B217:22,B217:23,B232:28,B232:29,B232:30,B70:26,B70:27,B70:28,B217:24,B217:25,B217:26,B232:31,B232:32,B232:33,B217:27,B217:28,B217:29,B232:34,B232:35,B232:36,B223:25,B223:26,B223:27,B223:28,B223:29,B223:30,B223:31,B223:32,B223:33,B144:13,B144:14,B144:15,B144:16,B144:17,B144:18,B70:29,B70:30,B70:31,B70:32,B70:33,B70:34,B144:19,B144:20,B144:21,B217:30,B217:31,B232:37,B232:38,B70:35,B70:36,B70:37,B153:4,B223:34,B223:35,B217:32,B217:33,B232:39,B232:40,B129:2,B143:2,B217:34,B217:35,B232:41,B232:42,B401:2,B223:36,B223:37,B144:22,B144:23,B103:2,B70:38,B70:39,B401:3,B223:38,B223:39,B144:24,B144:25,B217:36,B217:37,B232:43,B232:44,B401:4,B70:40,B70:41,B217:38,B217:39,B232:45,B232:46,B223:40,B223:41,B144:26,B144:27,B129:3,B408:2,B217:40,B217:41,B232:47,B232:48,B103:3,B401:5,B70:42,B70:43,B223:42,B223:43,B144:28,B144:29,B217:42,B217:43,B232:49,B232:50,B408:3,B84:2,B223:44,B223:45,B70:44,B70:45,B401:6,B223:46,B223:47,B144:30,B144:31,B408:4,B144:32,B144:33,B401:7,B70:46,B70:47,B401:8,B70:48,B70:49,B144:34,B144:35,B408:5,B103:4,B70:50,B70:51,B401:9,B217:44,B217:45,B232:51,B232:52,B129:4,B408:6,B223:48,B223:49,B408:7,B408:8,B144:36,B144:37,B84:3,B408:9,B70:52,B70:53,B401:10,B129:5,B408:10,C91:1,C77:1,C194:1,C1320:1,C56:2,C16:2,C56:3,C16:3,C56:4,C16:4,C56:5,C16:5,C56:6,C16:6,C56:7,C16:7,C56:8,C16:8,C56:9,C16:9,C239:1,C1405:1,C147:1,C110:1,C294:1,C112:1,C91:2,C105:2,C115:1,C77:2,C105:3,C105:4,C105:5,C105:6,C274:1,C112:2,C147:23,C147:22,C277:1,C191:1,C289:2,C122:1,C105:7,C105:8,C112:3,C147:26,C147:25,C147:24,C289:3,C272:1,C105:9,C105:10,C110:2,C273:1,C289:4,C147:32,C147:31,C147:30,C147:29,C147:28,C147:27,C112:4,C147:35,C147:34,C147:33,C105:11,C105:12,C105:13,C105:14,C291:1,C289:5,C276:1,C105:15,C105:16,C271:1,C289:6,C402:1,C275:1,C289:7,C147:37,C147:36,C316:1,C289:8,C147:39,C147:38,C289:9,C309:1,C147:41,C147:40,C289:10,C105:17,C147:43,C147:42,C311:1,C289:11,C105:18,C147:44,C147:45,C147:46,C147:47,C289:12,C105:19,C147:49,C147:48,C289:13,C307:1,C105:20,C289:14,C105:21,C105:22,C147:50,C147:51,C105:23,C310:1,C289:15,C105:24
SP	35	A16:1,A56:1,A141:1,A142:1,A208:1,A233:1,A223:1,A70:1,A129:1,A209:1,A96:1,A101:1,B16:2,B16:3,B16:4,B16:5,B16:6,B16:7,B16:8,B16:9,B16:10,B16:11,B16:12,B56:2,B56:3,B56:4,B56:5,B56:6,B56:7,B56:8,B56:9,B56:10,B56:11,B56:12,B141:2,B142:2,B142:3,B208:2,B208:3,B3:1,B16:13,B16:14,B16:15,B142:4,B142:5,B233:2,B223:2,B223:3,B56:13,B56:14,B56:15,B70:2,B208:4,B208:5,B208:6,B70:3,B70:4,B70:5,B70:6,B70:7,B16:16,B16:17,B16:18,B233:3,B233:4,B223:4,B223:5,B223:6,B56:16,B56:17,B56:18,B141:3,B208:7,B208:8,B208:9,B70:8,B70:9,B70:10,B16:19,B16:20,B16:21,B223:7,B223:8,B223:9,B209:3,B209:4,B233:5,B233:6,B56:19,B56:20,B56:21,B208:10,B208:11,B208:12,B209:2,B16:22,B16:23,B16:24,B70:11,B70:12,B70:13,B101:2,B101:3,B223:10,B223:11,B223:12,B56:22,B56:23,B56:24,B209:5,B209:6,B233:7,B233:8,B208:13,B208:14,B208:15,B70:14,B70:15,B70:16,B209:7,B209:8,B233:9,B233:10,B105:1,B96:2,C91:1,C77:1,C194:1,C1320:1,C3:2,C3:3,C3:4,C3:5,C3:6,C3:7,C3:8,C3:9,C239:1,C1405:1,C113:1,C195:1,C173:1,C294:1,C91:2,C198:1,C193:1,C111:1,C99:1,C169:1,C225:1,C115:1,C77:2,C105:2,C171:1
SP	36	A16:1,A141:1,A142:1,A233:1,A223:1,A70:1,A129:1,A209:1,A96:1,A263:1,A30:1,A321:1,B16:2,B16:3,B16:4,B16:5,B16:6,B16:7,B16:8,B16:9,B16:10,B16:11,B16:12,B141:2,B142:2,B142:3,B56:1,B3:1,B16:13,B16:14,B16:15,B142:4,B142:5,B233:2,B223:2,B223:3,B70:2,B70:3,B70:4,B70:5,B70:6,B70:7,B16:16,B16:17,B16:18,B233:3,B233:4,B223:4,B223:5,B223:6,B141:3,B70:8,B70:9,B70:10,B16:19,B16:20,B16:21,B223:7,B223:8,B223:9,B209:3,B209:4,B233:5,B233:6,B209:2,B16:22,B16:23,B16:24,B70:11,B70:12,B70:13,B223:10,B223:11,B223:12,B263:2,B263:3,B263:4,B263:5,B263:6,B209:5,B209:6,B233:7,B233:8,B30:2,B30:3,B223:13,B223:14,B223:15,B30:4,B30:5,B30:6,B223:16,B223:17,B223:18,B70:14,B70:15,B70:16,B101:1,B263:7,B263:8,B263:9,B209:9,B209:10,B209:11,B233:11,B233:12,B233:13,B209:12,B209:13,B209:14,B233:14,B233:15,B233:16,B70:17,B70:18,B70:19,B209:7,B209:8,B233:9,B233:10,B70:20,B70:21,B70:22,B30:7,B30:8,B30:9,B223:19,B223:20,B223:21,B105:1,B96:2,B209:15,B209:16,B209:17,B233:17,B233:18,B233:19,B263:10,B263:11,B263:12,B70:23,B70:24,B70:25,B30:10,B30:11,B30:12,B223:22,B223:23,B223:24,B209:18,B209:19,B209:20,B233:20,B233:21,B233:22,B263:13,B263:14,B263:15,B70:26,B70:27,B70:28,B30:13,B30:14,B30:15,B223:25,B223:26,B223:27,B263:16,B263:17,B263:18,B263:19,B263:20,B263:21,B209:21,B209:22,B209:23,B233:23,B233:24,B233:25,B30:16,B30:17,B30:18,B223:28,B223:29,B223:30,B70:29,B70:30,B70:31,B30:19,B30:20,B30:21,B223:31,B223:32,B223:33,B209:24,B209:25,B209:26,B233:26,B233:27,B233:28,B209:27,B209:28,B209:29,B233:29,B233:30,B233:31,B70:32,B70:33,B70:34,B70:35,B70:36,B70:37,B96:3,B129:2,B263:22,B263:23,B30:22,B30:23,B223:34,B223:35,B209:30,B209:31,B233:32,B233:33,B263:24,B263:25,B70:38,B70:39,B263:26,B263:27,B30:24,B30:25,B223:36,B223:37,B96:4,B129:3,B263:28,B263:29,B209:32,B209:33,B233:34,B233:35,B30:26,B30:27,B223:38,B223:39,B209:34,B209:35,B233:36,B233:37,B70:40,B70:41,B30:28,B30:29,B223:40,B223:41,B321:2,B263:30,B263:31,B70:42,B70:43,B209:36,B209:37,B233:38,B233:39,B30:30,B30:31,B223:42,B223:43,B263:32,B263:33,B321:3,B321:4,B70:44,B70:45,B209:38,B209:39,B233:40,B233:41,B263:34,B263:35,B30:32,B30:33,B223:44,B223:45,B321:5,B321:6,B70:46,B70:47,B209:40,B209:41,B233:42,B233:43,B30:34,B30:35,B223:46,B223:47,B321:7,B321:8,B96:5,B70:48,B70:49,B209:42,B209:43,B233:44,B233:45,B129:4,B70:50,B70:51,B263:36,B263:37,B96:6,B30:36,B30:37,B223:48,B223:49,B321:9,B321:10,B209:44,B209:45,B233:46,B233:47,B70:52,B70:53,B129:5,C91:1,C77:1,C194:1,C1320:1,C56:2,C3:2,C56:3,C3:3,C56:4,C3:4,C56:5,C3:5,C56:6,C3:6,C56:7,C3:7,C56:8,C3:8,C56:9,C3:9,C239:1,C56:10,C56:11,C56:12,C1405:1,C56:13,C56:14,C56:15,C195:1,C173:1,C113:1,C294:1,C56:16,C56:17,C56:18,C91:2,C56:19,C56:20,C56:21,C198:1,C193:1,C111:1,C101:2,C101:3,C56:22,C56:23,C56:24,C99:1,C225:1,C169:1,C115:1,C77:2,C105:2,C105:3,C105:4,C105:5,C105:6,C105:7,C105:8,C122:1,C171:1,C105:9,C105:10,C11:1,C105:11,C105:12,C105:13,C105:14,C105:15,C105:16,C410:1,C412:1,C453:1,C111:2,C105:17,C105:18,C105:19,C105:20,C410:2,C105:21,C105:22,C105:23,C105:24,C410:3
SP	37	A56:1,A141:1,A142:1,A208:1,A233:1,A70:1,A129:1,A101:1,A19:1,B56:2,B56:3,B56:4,B56:5,B56:6,B56:7,B56:8,B56:9,B56:10,B56:11,B56:12,B141:2,B142:2,B142:3,B208:2,B208:3,B16:1,B3:1,B142:4,B142:5,B233:2,B56:13,B56:14,B56:15,B70:2,B208:4,B208:5,B208:6,B70:3,B70:4,B70:5,B70:6,B70:7,B223:1,B233:3,B233:4,B56:16,B56:17,B56:18,B141:3,B208:7,B208:8,B208:9,B70:8,B70:9,B70:10,B233:5,B233:6,B56:19,B56:20,B56:21,B208:10,B208:11,B208:12,B70:11,B70:12,B70:13,B101:2,B101:3,B56:22,B56:23,B56:24,B233:7,B233:8,B208:13,B208:14,B208:15,B19:2,B19:3,B19:4,B19:5,B19:6,B70:14,B70:15,B70:16,B101:4,B101:5,B101:6,B101:7,B101:8,B101:9,B19:7,B19:8,B19:9,B233:9,B233:10,B233:11,B233:12,B233:13,B208:16,B208:17,B208:18,B233:14,B233:15,B233:16,B208:19,B208:20,B208:21,B101:10,B101:11,B101:12,B70:17,B70:18,B70:19,B70:20,B70:21,B70:22,B105:1,B233:17,B233:18,B233:19,B208:22,B208:23,B208:24,B70:23,B70:24,B70:25,B19:10,B19:11,B19:12,B101:13,B101:14,B101:15,B233:20,B233:21,B233:22,B208:25,B208:26,B208:27,B70:26,B70:27,B70:28,B19:13,B19:14,B19:15,B101:16,B101:17,B101:18,B19:16,B19:17,B19:18,B19:19,B19:20,B19:21,B233:23,B233:24,B233:25,B208:28,B208:29,B208:30,B101:19,B101:20,B101:21,B101:22,B101:23,B101:24,B70:29,B70:30,B70:31,B233:26,B233:27,B233:28,B208:31,B208:32,B208:33,B233:29,B233:30,B233:31,B208:34,B208:35,B208:36,B70:32,B70:33,B70:34,B70:35,B70:36,B70:37,B19:22,B19:23,B129:2,B101:25,B101:26,B19:24,B19:25,B101:27,B101:28,B233:32,B233:33,B208:37,B208:38,B19:26,B19:27,B70:38,B70:39,B233:34,B233:35,B208:39,B208:40,B101:29,B101:30,B19:28,B19:29,B70:40,B70:41,B233:36,B233:37,B208:41,B208:42,B101:31,B101:32,B129:3,B70:42,B70:43,B19:30,B19:31,B233:38,B233:39,B208:43,B208:44,B19:32,B19:33,B101:33,B101:34,B70:44,B70:45,B101:35,B101:36,B233:40,B233:41,B208:45,B208:46,B233:42,B233:43,B208:47,B208:48,B19:34,B19:35,B70:46,B70:47,B70:48,B70:49,B101:37,B101:38,B233:44,B233:45,B208:49,B208:50,B129:4,B70:50,B70:51,B19:36,B19:37,B101:39,B101:40,B233:46,B233:47,B208:51,B208:52,B70:52,B70:53,B129:5,C91:1,C77:1,C194:1,C1320:1,C16:2,C3:2,C16:3,C3:3,C16:4,C3:4,C16:5,C3:5,C16:6,C3:6,C16:7,C3:7,C16:8,C3:8,C16:9,C3:9,C239:1,C16:10,C16:11,C16:12,C1405:1,C223:2,C223:3,C16:13,C16:14,C16:15,C113:1,C195:1,C173:1,C294:1,C223:4,C223:5,C223:6,C16:16,C16:17,C16:18,C91:2,C223:7,C223:8,C223:9,C16:19,C16:20,C16:21,C198:1,C193:1,C111:1,C223:10,C223:11,C223:12,C16:22,C16:23,C16:24,C99:1,C225:1,C169:1,C115:1,C77:2,C105:2,C223:13,C223:14,C223:15,C223:16,C223:17,C223:18,C223:19,C223:20,C223:21,C105:3,C105:4,C105:5,C105:6,C171:1,C122:1,C105:7,C105:8,C223:22,C223:23,C223:24,C303:1,C105:9,C105:10,C223:25,C223:26,C223:27,C223:28,C223:29,C223:30,C223:31,C223:32,C223:33,C105:11,C105:12,C105:13,C105:14,C105:15,C105:16,C415:1,C223:34,C223:35,C223:36,C223:37,C414:1,C223:38,C223:39,C99:2,C303:2,C223:40,C223:41,C105:17,C105:18,C223:42,C223:43,C223:44,C223:45,C414:2,C105:19,C303:3,C414:3,C105:20,C223:46,C223:47,C415:2,C414:4,C105:21,C105:22,C414:5,C303:4,C414:6,C223:48,C223:49,C105:23,C414:7,C105:24,C415:3,C414:8
SP	38	A1177:1,A1184:1,A1147:1,A249:1,A244:1,A1168:1,B1177:2,B1177:3,B1184:2,B1177:4,B1177:5,B1147:2,B1184:3,B1184:4,B244:2,B244:3,B249:2,C1068:1,C1040:1,C1012:1,C146:1,C194:1,C163:1,C118:1,C214:1,C1320:1,C239:1,C1405:1,C1216:1,C1011:1,C1015:1,C1027:1,C1206:1
SP	39	A249:1,A244:1,A1168:1,A1147:1,A1184:1,A1177:1,A1172:1,A1178:1,A234:1,A1266:1,B1147:2,B244:2,B244:3,B1184:2,B1177:2,B1177:3,B1172:2,B1178:2,B1184:3,B1184:4,B1177:4,B1177:5,B1147:3,B1147:4,B234:2,B1184:5,B1184:6,B1172:3,B1172:4,B249:2,B1178:3,B1178:4,B1147:5,B1147:6,B234:3,B249:4,B234:4,B249:5,B249:3,B1168:2,B1181:1,B1172:5,B1172:6,B1178:5,B1178:6,B234:5,B249:6,B234:6,B249:7,B228:1,B1172:7,B1172:8,B1178:7,B1178:8,B234:7,B249:8,B234:8,B249:9,B1266:2,B1168:3,B1266:3,C1068:1,C1040:1,C1012:1,C146:1,C194:1,C163:1,C118:1,C214:1,C1320:1,C239:1,C1405:1,C1069:1,C1216:1,C1011:1,C1015:1,C1027:1,C1127:1,C1206:1,C285:1,C1078:1,C1069:2,C1069:3,C213:1,C164:1,C1224:1,C1069:4,C1069:5,C1069:6,C229:1,C1181:2,C1069:7,C1069:8,C1069:9,C1146:1,C1181:3,C1222:1,C1160:1,C1078:2,C1224:2,C212:1,C1224:3
SP	40	A249:1,A244:1,A1168:1,A1184:1,A1177:1,A1147:1,A1172:1,A234:1,A1178:1,A1266:1,A1239:1,A1234:1,A1148:1,A1267:1,A1417:1,A1288:1,A1291:1,A1294:1,B244:2,B244:3,B1184:2,B1177:2,B1177:3,B1147:2,B1184:3,B1184:4,B1177:4,B1177:5,B1172:2,B234:2,B1178:2,B1147:3,B1147:4,B1184:5,B1184:6,B249:2,B1172:3,B1172:4,B234:3,B249:4,B234:4,B249:5,B1178:3,B1178:4,B1147:5,B1147:6,B249:3,B1168:2,B1181:1,B1172:5,B1172:6,B234:5,B249:6,B234:6,B249:7,B228:1,B1178:5,B1178:6,B1172:7,B1172:8,B234:9,B249:10,B234:10,B249:11,B234:11,B249:12,B234:7,B249:8,B234:8,B249:9,B1178:7,B1178:8,B1239:2,B234:12,B249:13,B234:13,B249:14,B234:14,B249:15,B1168:3,B1266:2,B1239:3,B1239:4,B1234:2,B234:15,B249:16,B234:16,B249:17,B234:17,B249:18,B1266:3,B1234:3,B1234:4,B1239:5,B1239:6,B234:18,B249:19,B234:19,B249:20,B234:20,B249:21,B234:21,B249:22,B234:22,B249:23,B234:23,B249:24,B1239:7,B1239:8,B1234:5,B1234:6,B1176:1,B1239:9,B1239:10,B1267:2,B1168:4,B1239:11,B1239:12,B1148:2,B1234:7,B1234:8,B1234:9,B1234:10,B234:24,B249:25,B234:25,B249:26,B1239:13,B1239:14,B1234:11,B1234:12,B1267:3,B1148:3,B1148:4,B234:26,B249:27,B234:27,B249:28,B1239:15,B1239:16,B1148:5,B1234:13,B1234:14,B1267:4,B1168:5,B1239:17,B1239:18,B1267:5,B234:28,B249:29,B234:29,B249:30,B1267:6,B1234:15,B1234:16,B1148:6,B234:30,B249:31,B234:31,B249:32,B1239:19,B1239:20,B1234:17,B1234:18,B1239:21,B1239:22,B1148:7,B1267:7,B1417:2,B234:32,B249:33,B234:33,B249:34,B1234:19,B1234:20,B234:34,B249:35,B234:35,B249:36,B1148:8,B1239:23,B1239:24,B1267:8,B1234:21,B1234:22,B1168:6,B234:36,B249:37,B234:37,B249:38,B1148:9,B1267:9,B1417:3,B1234:23,B1234:24,B1239:25,B1239:26,B1148:10,B1267:10,B234:38,B249:39,B234:39,B249:40,B1148:11,B1267:11,B1417:4,B1239:27,B1239:28,B1234:25,B1234:26,B1267:12,B234:40,B249:41,B234:41,B249:42,B1148:12,B1234:27,B1234:28,B1267:13,B1168:7,B1148:13,B1417:5,B1267:14,C1068:1,C1040:1,C1012:1,C146:1,C194:1,C163:1,C118:1,C214:1,C1320:1,C239:1,C1405:1,C1069:1,C1216:1,C1011:1,C1015:1,C1027:1,C1127:1,C1206:1,C285:1,C1078:1,C1069:2,C1069:3,C213:1,C164:1,C1224:1,C1069:4,C1069:5,C1069:6,C229:1,C1181:2,C1069:7,C1069:8,C1069:9,C1146:1,C1069:10,C1069:11,C1069:12,C1181:3,C1222:1,C1160:1,C1224:2,C1078:2,C1069:13,C1069:14,C1069:15,C212:1,C1074:1,C228:2,C1224:3,C146:21,C1069:16,C1069:17,C1069:18,C146:20,C146:19,C1297:1,C1176:2,C146:24,C146:23,C146:22,C1069:19,C1069:20,C1069:21,C146:27,C146:26,C146:25,C1224:4,C1069:22,C1069:23,C1069:24,C1176:3,C1176:4,C1224:5,C1176:5,C1176:6,C228:3,C146:29,C146:28,C1069:25,C1069:26,C1224:6,C146:31,C146:30,C1069:27,C1069:28,C1224:7,C146:33,C146:32,C1176:7,C1224:8,C146:35,C146:34,C1069:29,C1069:30,C1224:9,C1069:31,C1069:32,C1176:8,C146:37,C146:36,C146:39,C146:38,C1224:10,C1176:9,C1287:1,C1069:33,C1069:34,C1069:35,C1069:36,C146:40,C146:41,C1224:11,C1176:10,C1224:12,C1069:37,C1069:38,C1176:11,C146:43,C146:42,C1176:12,C1224:13,C1069:39,C1069:40,C1224:14,C146:44,C146:45,C1176:13,C1224:15,C1069:41,C1069:42,C1176:14,C1224:16,C1176:15,C1224:17
SP	41	A249:1,A244:1,A1168:1,A1147:1,A1184:1,A1177:1,A1172:1,A1178:1,A234:1,A1266:1,A143:1,B1147:2,B244:2,B244:3,B1184:2,B1177:2,B1177:3,B1172:2,B1178:2,B1184:3,B1184:4,B1177:4,B1177:5,B1147:3,B1147:4,B234:2,B1184:5,B1184:6,B1172:3,B1172:4,B249:2,B1178:3,B1178:4,B1147:5,B1147:6,B234:3,B249:4,B234:4,B249:5,B249:3,B1168:2,B1181:1,B1172:5,B1172:6,B1178:5,B1178:6,B234:5,B249:6,B234:6,B249:7,B228:1,B1172:7,B1172:8,B1178:7,B1178:8,B234:7,B249:8,B234:8,B249:9,B1266:2,B234:9,B249:10,B234:10,B249:11,B234:11,B249:12,B1168:3,B234:12,B249:13,B234:13,B249:14,B234:14,B249:15,B1266:3,B234:15,B249:16,B234:16,B249:17,B234:17,B249:18,B234:18,B249:19,B234:19,B249:20,B234:20,B249:21,B234:21,B249:22,B234:22,B249:23,B234:23,B249:24,B234:24,B249:25,B234:25,B249:26,B234:26,B249:27,B234:27,B249:28,B143:2,B234:28,B249:29,B234:29,B249:30,B234:30,B249:31,B234:31,B249:32,B234:32,B249:33,B234:33,B249:34,B234:34,B249:35,B234:35,B249:36,B234:36,B249:37,B234:37,B249:38,B234:38,B249:39,B234:39,B249:40,B234:40,B249:41,B234:41,B249:42,C1068:1,C1040:1,C1012:1,C146:1,C194:1,C163:1,C118:1,C214:1,C1320:1,C239:1,C1405:1,C1069:1,C1216:1,C1011:1,C1015:1,C1027:1,C1127:1,C1206:1,C285:1,C1078:1,C1069:2,C1069:3,C213:1,C164:1,C1224:1,C1069:4,C1069:5,C1069:6,C229:1,C1181:2,C1069:7,C1069:8,C1069:9,C1146:1,C1181:3,C1222:1,C1160:1,C1078:2,C1224:2,C212:1,C1140:1,C1300:1,C228:2,C1224:3,C1139:1,C1141:1,C146:21,C146:20,C146:19,C146:27,C146:26,C146:25,C146:24,C146:23,C146:22,C228:3,C146:29,C146:28,C1140:2,C1146:2,C1385:1,C146:31,C146:30,C1139:2,C1141:2,C1140:3,C1146:3,C146:33,C146:32,C146:35,C146:34,C1301:1,C146:37,C146:36,C146:41,C146:40,C146:38,C146:39,C146:42,C146:43,C146:44,C146:45
SP	42	A1177:1,A1184:1,A1216:1,A1011:1,A1015:1,A1027:1,A1147:1,A249:1,A244:1,A1168:1,A235:1,B1177:2,B1177:3,B1184:2,B1011:2,B1011:3,B1015:2,B1027:2,B1015:3,B1027:3,B1011:4,B1011:5,B1011:6,B1177:4,B1177:5,B1147:2,B1184:3,B1184:4,B1015:4,B1027:4,B1015:5,B1027:5,B1015:6,B1027:6,B1011:7,B1011:8,B1011:9,B244:2,B244:3,B235:2,B1015:7,B1027:7,B1015:8,B1027:8,B1015:9,B1027:9,B1011:10,B1011:11,B1011:12,B249:2,B1015:10,B1027:10,B1015:11,B1027:11,B1015:12,B1027:12,B1011:13,B1011:14,B1011:15,B235:3,B249:4,B235:4,B249:5,B249:3,B1015:13,B1027:13,B1015:14,B1027:14,B1015:15,B1027:15,B1011:16,B1011:17,B1011:18,B235:5,B249:6,B235:6,B249:7,B228:1,B235:7,B249:8,B235:8,B249:9,C1068:1,C1040:1,C1012:1,C146:1,C194:1,C163:1,C118:1,C214:1,C1320:1,C239:1,C1405:1,C1069:1,C1031:1,C1206:1,C1201:1,C1204:1,C1078:1,C1073:1,C1069:2,C1069:3,C213:1,C164:1,C1059:1,C1077:1,C1035:1,C1068:2,C1069:4,C1069:5,C1069:6,C229:1,C1268:1,C1040:2,C1069:7,C1069:8,C1069:9,C1189:1,C1204:2,C1078:2,C212:1
SP	43	A1177:1,A1184:1,A1216:1,A1011:1,A1015:1,A1027:1,A1147:1,A249:1,A244:1,A1168:1,A235:1,A1219:1,A1217:1,B1177:2,B1177:3,B1184:2,B1011:2,B1011:3,B1015:2,B1027:2,B1015:3,B1027:3,B1011:4,B1011:5,B1011:6,B1177:4,B1177:5,B1147:2,B1184:3,B1184:4,B1015:4,B1027:4,B1015:5,B1027:5,B1015:6,B1027:6,B1011:7,B1011:8,B1011:9,B244:2,B244:3,B235:2,B1015:7,B1027:7,B1015:8,B1027:8,B1015:9,B1027:9,B1011:10,B1011:11,B1011:12,B249:2,B1015:10,B1027:10,B1015:11,B1027:11,B1015:12,B1027:12,B1011:13,B1011:14,B1011:15,B235:3,B249:4,B235:4,B249:5,B249:3,B1015:13,B1027:13,B1015:14,B1027:14,B1015:15,B1027:15,B1011:16,B1011:17,B1011:18,B235:5,B249:6,B235:6,B249:7,B228:1,B235:7,B249:8,B235:8,B249:9,B235:9,B249:10,B235:10,B249:11,B235:11,B249:12,B235:12,B249:13,B235:13,B249:14,B235:14,B249:15,B1219:2,B1217:2,B1219:3,B1217:3,B1219:4,B1217:4,B1219:5,B1217:5,B1219:6,B1217:6,B1219:7,B1217:7,B1219:8,B1217:8,B1219:9,B1217:9,B235:15,B249:16,B235:16,B249:17,B235:17,B249:18,B1219:10,B1217:10,B1219:11,B1217:11,B1219:12,B1217:12,B235:18,B249:19,B235:19,B249:20,B235:20,B249:21,B235:21,B249:22,B235:22,B249:23,B235:23,B249:24,B1219:13,B1217:13,B1219:14,B1217:14,B1219:15,B1217:15,B235:24,B249:25,B235:25,B249:26,B235:26,B249:27,B235:27,B249:28,B1219:16,B1217:16,B1219:17,B1217:17,B1219:18,B1217:18,B1219:19,B1217:19,B235:28,B249:29,B235:29,B249:30,B235:30,B249:31,B235:31,B249:32,B1219:20,B1217:20,B1219:21,B1217:21,B1219:22,B1217:22,B1219:23,B1217:23,B235:32,B249:33,B235:33,B249:34,B235:34,B249:35,B235:35,B249:36,B1219:24,B1217:24,B1219:25,B1217:25,B235:36,B249:37,B235:37,B249:38,B1219:26,B1217:26,B1219:27,B1217:27,B235:38,B249:39,B235:39,B249:40,B1219:28,B1217:28,B1219:29,B1217:29,B235:40,B249:41,B235:41,B249:42,C1068:1,C1040:1,C1012:1,C146:1,C194:1,C163:1,C118:1,C214:1,C1320:1,C239:1,C1405:1,C1069:1,C1031:1,C1206:1,C1201:1,C1078:1,C1073:1,C1204:1,C1069:2,C1069:3,C213:1,C164:1,C1035:1,C1059:1,C1077:1,C1068:2,C1069:4,C1069:5,C1069:6,C229:1,C1268:1,C1040:2,C1069:7,C1069:8,C1069:9,C1189:1,C1078:2,C1204:2,C212:1,C1240:1,C1242:1,C228:2,C1018:1,C146:21,C146:20,C146:19,C146:27,C146:26,C146:24,C146:25,C146:23,C146:22,C1189:2,C1035:2,C1068:3,C1059:2,C1077:2,C1268:2,C1189:3,C1040:3,C1078:3,C228:3,C146:29,C146:28,C1392:1,C1240:2,C1242:2,C1035:3,C146:31,C146:30,C1073:2,C1059:3,C1077:3,C1078:4,C1240:3,C1242:3,C1035:4,C146:33,C146:32,C1268:3,C146:35,C146:34,C1303:1,C1078:5,C213:6,C146:37,C146:36,C146:38,C146:39,C146:40,C146:41,C146:42,C146:43,C213:7,C1392:2,C1078:6,C146:44,C146:45,C1303:2,C213:8,C1268:4,C1392:3
SP	44	A29:1,A141:1,A142:1,A3:1,B29:2,B29:3,B29:4,B29:5,B29:6,B142:2,B142:3,B3:2,B3:3,B3:4,B3:5,B3:6,B29:7,B29:8,B29:9,B141:2,B3:7,B3:8,B3:9,B142:4,B142:5,B141:3,C194:1,C134:1,C1320:1,C239:1,C1405:1,C295:1
SP	45	A255:1,A141:1,A142:1,A3:1,A257:1,A293:1,B255:2,B255:3,B142:2,B142:3,B3:2,B3:3,B3:4,B3:5,B3:6,B29:1,B100:1,B245:1,B141:2,B3:7,B3:8,B3:9,B255:4,B255:5,B255:6,B142:4,B142:5,B255:7,B255:8,B255:9,B141:3,B255:10,B255:11,B255:12,B257:2,B293:2,B257:3,B257:4,B255:13,B255:14,B255:15,B257:5,B257:6,B293:3,B257:7,B257:8,B293:4,B293:5,C194:1,C134:1,C1320:1,C29:2,C29:3,C29:4,C29:5,C29:6,C239:1,C1405:1,C100:2,C245:2,C100:3,C245:3,C29:7,C29:8,C29:9,C100:4,C245:4,C100:5,C245:5,C100:6,C245:6,C211:1,C34:1,C94:1,C100:7,C245:7,C100:8,C245:8,C100:9,C245:9,C295:1,C212:1,C148:1,C100:10,C245:10,C100:11,C245:11,C100:12,C245:12,C100:13,C245:13,C100:14,C245:14,C100:15,C245:15,C211:2,C176:1,C139:1,C287:1,C211:3,C121:1
SP	46	A255:1,A141:1,A142:1,A3:1,A257:1,A293:1,A190:1,A315:1,B255:2,B255:3,B142:2,B142:3,B3:2,B3:3,B3:4,B3:5,B3:6,B29:1,B100:1,B245:1,B141:2,B3:7,B3:8,B3:9,B255:4,B255:5,B255:6,B142:4,B142:5,B255:7,B255:8,B255:9,B141:3,B255:10,B255:11,B255:12,B257:2,B293:2,B257:3,B257:4,B255:13,B255:14,B255:15,B190:2,B190:3,B257:5,B257:6,B190:4,B190:5,B190:6,B293:3,B257:9,B257:10,B257:11,B190:7,B190:8,B190:9,B260:1,B36:1,B257:7,B257:8,B257:12,B257:13,B257:14,B293:4,B293:5,B257:15,B257:16,B257:17,B190:10,B190:11,B190:12,B257:18,B257:19,B257:20,B190:13,B190:14,B190:15,B293:6,B190:16,B190:17,B190:18,B293:7,B257:21,B257:22,B257:23,B190:19,B190:20,B190:21,B257:24,B257:25,B257:26,B293:8,B257:27,B257:28,B257:29,B293:9,B211:5,B190:22,B190:23,B190:24,B190:25,B315:2,B315:3,B315:4,B293:10,B293:11,B211:6,B257:30,B257:31,B190:26,B190:27,B257:32,B257:33,B315:5,B315:6,B190:28,B190:29,B315:7,B315:8,B293:12,B257:34,B257:35,B257:36,B257:37,B190:30,B190:31,B315:9,B315:10,B190:32,B190:33,B211:7,B315:11,B315:12,B293:13,B293:14,B257:38,B257:39,B211:8,B257:40,B257:41,B190:34,B190:35,B315:13,B315:14,B293:15,B293:16,B257:42,B257:43,B211:9,B190:36,B190:37,B315:15,B315:16,B293:17,B293:18,B257:44,B257:45,B293:19,B211:10,B293:20,C194:1,C134:1,C1320:1,C29:2,C29:3,C29:4,C29:5,C29:6,C239:1,C1405:1,C100:2,C245:2,C100:3,C245:3,C29:7,C29:8,C29:9,C100:4,C245:4,C100:5,C245:5,C100:6,C245:6,C211:1,C34:1,C94:1,C100:7,C245:7,C100:8,C245:8,C100:9,C245:9,C295:1,C212:1,C148:1,C100:10,C245:10,C100:11,C245:11,C100:12,C245:12,C100:13,C245:13,C100:14,C245:14,C100:15,C245:15,C211:2,C176:1,C139:1,C287:1,C260:2,C36:2,C260:3,C36:3,C211:3,C260:4,C36:4,C260:5,C36:5,C260:6,C36:6,C121:1,C260:7,C36:7,C260:8,C36:8,C260:9,C36:9,C211:4,C260:10,C36:10,C260:11,C36:11,C260:12,C36:12,C260:13,C36:13,C260:14,C36:14,C260:15,C36:15,C139:2,C260:16,C36:16,C260:17,C36:17,C260:18,C36:18,C176:2,C260:19,C36:19,C260:20,C36:20,C260:21,C36:21,C287:2,C420:1,C423:1,C424:1,C260:22,C36:22,C260:23,C36:23,C139:3,C260:24,C36:24,C260:25,C36:25,C94:2,C176:3,C260:26,C36:26,C260:27,C36:27,C260:28,C36:28,C260:29,C36:29,C260:30,C36:30,C260:31,C36:31,C260:32,C36:32,C260:33,C36:33,C287:3,C260:34,C36:34,C260:35,C36:35,C420:2,C423:2,C424:2,C260:36,C36:36,C260:37,C36:37,C420:3,C423:3,C424:3
SP	47	A29:1,A141:1,A142:1,A54:1,A233:1,A120:1,A210:1,A50:1,A284:1,B29:2,B29:3,B29:4,B29:5,B29:6,B142:2,B142:3,B3:1,B29:7,B29:8,B29:9,B141:2,B142:4,B142:5,B29:10,B29:11,B29:12,B54:2,B54:3,B233:2,B120:2,B120:3,B29:13,B29:14,B29:15,B120:4,B120:5,B120:6,B141:3,B54:4,B54:5,B54:6,B233:3,B233:4,B29:16,B29:17,B29:18,B120:7,B120:8,B120:9,B54:7,B54:8,B54:9,B29:19,B29:20,B29:21,B210:3,B210:4,B233:5,B233:6,B54:10,B54:11,B54:12,B284:2,B284:3,B120:10,B120:11,B120:12,B210:2,B29:22,B29:23,B29:24,B120:13,B120:14,B120:15,B210:5,B210:6,B233:7,B233:8,B210:7,B210:8,B233:9,B233:10,B50:2,B168:1,C194:1,C134:1,C1320:1,C3:2,C3:3,C3:4,C3:5,C3:6,C239:1,C1405:1,C3:7,C3:8,C3:9,C83:1,C95:1,C295:1,C319:1,C76:1
SP	48	A29:1,A141:1,A142:1,A54:1,A233:1,A120:1,A210:1,A50:1,A284:1,A280:1,A281:1,A17:1,A35:1,A81:1,B29:2,B29:3,B29:4,B29:5,B29:6,B142:2,B142:3,B3:1,B29:7,B29:8,B29:9,B141:2,B142:4,B142:5,B29:10,B29:11,B29:12,B54:2,B54:3,B233:2,B120:2,B120:3,B29:13,B29:14,B29:15,B120:4,B120:5,B120:6,B141:3,B54:4,B54:5,B54:6,B233:3,B233:4,B29:16,B29:17,B29:18,B120:7,B120:8,B120:9,B54:7,B54:8,B54:9,B29:19,B29:20,B29:21,B210:3,B210:4,B233:5,B233:6,B54:10,B54:11,B54:12,B54:13,B54:14,B54:15,B284:2,B284:3,B284:4,B284:5,B284:6,B120:10,B120:11,B120:12,B210:2,B280:2,B280:3,B281:2,B281:3,B29:22,B29:23,B29:24,B54:16,B54:17,B54:18,B284:7,B284:8,B284:9,B17:2,B17:3,B210:9,B210:10,B210:11,B233:11,B233:12,B233:13,B120:13,B120:14,B120:15,B280:4,B280:5,B280:6,B210:5,B210:6,B233:7,B233:8,B54:19,B54:20,B54:21,B284:10,B284:11,B284:12,B281:4,B281:5,B281:6,B17:4,B17:5,B17:6,B280:7,B280:8,B280:9,B210:12,B210:13,B210:14,B233:14,B233:15,B233:16,B281:7,B281:8,B281:9,B210:7,B210:8,B233:9,B233:10,B210:15,B210:16,B210:17,B233:17,B233:18,B233:19,B50:2,B54:22,B54:23,B54:24,B284:13,B284:14,B284:15,B17:7,B17:8,B17:9,B35:2,B35:3,B280:10,B280:11,B280:12,B50:3,B281:10,B281:11,B281:12,B210:18,B210:19,B210:20,B233:20,B233:21,B233:22,B54:25,B54:26,B54:27,B284:16,B284:17,B284:18,B17:10,B17:11,B17:12,B168:1,B35:4,B35:5,B35:6,B54:28,B54:29,B54:30,B280:13,B280:14,B280:15,B284:19,B284:20,B284:21,B17:13,B17:14,B17:15,B281:13,B281:14,B281:15,B35:7,B35:8,B35:9,B280:16,B280:17,B280:18,B281:16,B281:17,B281:18,B210:21,B210:22,B210:23,B233:23,B233:24,B233:25,B54:31,B54:32,B54:33,B284:22,B284:23,B284:24,B17:16,B17:17,B17:18,B210:24,B210:25,B210:26,B233:26,B233:27,B233:28,B35:10,B35:11,B35:12,B280:19,B280:20,B280:21,B281:19,B281:20,B281:21,B210:27,B210:28,B210:29,B233:29,B233:30,B233:31,B54:34,B54:35,B284:25,B284:26,B17:19,B17:20,B35:13,B35:14,B280:22,B280:23,B281:22,B281:23,B50:4,B210:30,B210:31,B233:32,B233:33,B54:36,B54:37,B284:27,B284:28,B17:21,B17:22,B35:15,B35:16,B280:24,B280:25,B54:38,B54:39,B281:24,B281:25,B284:29,B284:30,B54:40,B54:41,B17:23,B17:24,B284:31,B284:32,B17:25,B17:26,B35:17,B35:18,B280:26,B280:27,B210:32,B210:33,B233:34,B233:35,B35:19,B35:20,B280:28,B280:29,B281:26,B281:27,B50:5,B281:28,B281:29,B210:34,B210:35,B233:36,B233:37,B210:36,B210:37,B233:38,B233:39,B54:42,B54:43,B284:33,B284:34,B17:27,B17:28,B35:21,B35:22,B280:30,B280:31,B281:30,B281:31,B54:44,B54:45,B81:2,B284:35,B284:36,B210:38,B210:39,B233:40,B233:41,B17:29,B17:30,B50:6,B54:46,B54:47,B284:37,B284:38,B17:31,B17:32,B35:23,B35:24,B280:32,B280:33,B35:25,B35:26,B281:32,B281:33,B280:34,B280:35,B281:34,B281:35,B210:40,B210:41,B233:42,B233:43,B210:42,B210:43,B233:44,B233:45,B54:48,B54:49,B284:39,B284:40,B17:33,B17:34,B35:27,B35:28,B280:36,B280:37,B81:3,B50:7,B281:36,B281:37,B210:44,B210:45,B233:46,B233:47,C194:1,C134:1,C1320:1,C3:2,C3:3,C3:4,C3:5,C3:6,C239:1,C1405:1,C3:7,C3:8,C3:9,C83:1,C95:1,C295:1,C319:1,C76:1,C282:1,C109:1,C168:2,C168:3,C420:1,C423:1,C424:1,C461:1,C298:1,C292:1,C420:2,C423:2,C424:2,C425:1,C420:3,C423:3,C424:3
SP	49	A1090:1,A1095:1,A250:1,A251:1,A1100:1,A1007:1,B1097:1,B1010:1,B251:2,B251:3,B251:4,B1090:2,B1095:2,B250:2,B1100:2,C146:1,C194:1,C134:1,C163:1,C118:1,C214:1,C1320:1,C239:1,C1405:1,C1097:2
SP	50	A1090:1,A1095:1,A250:1,A251:1,A100:1,A1100:1,A1007:1,A1009:1,A1006:1,A1209:1,A1107:1,A1003:1,A1002:1,A1005:1,B1097:1,B1010:1,B251:2,B251:3,B251:4,B100:2,B100:3,B1090:2,B251:5,B251:6,B1095:2,B250:2,B1100:2,B100:4,B100:5,B100:6,B1090:3,B1095:3,B250:3,B250:4,B250:5,B251:7,B251:8,B100:7,B100:8,B100:9,B1090:4,B250:6,B250:7,B251:9,B251:10,B228:1,B1007:2,B100:10,B100:11,B100:12,B1090:5,B250:8,B250:9,B251:11,B251:12,B1009:2,B1209:2,B1107:2,B1090:6,C146:1,C194:1,C134:1,C163:1,C118:1,C214:1,C1320:1,C239:1,C1405:1,C1097:2,C1097:3,C213:1,C164:1,C1229:1,C1010:2,C1097:4,C1208:1,C229:1,C1097:5,C1096:1,C1010:3,C1097:6,C1099:1,C212:1
SP	51	A1090:1,A250:1,A251:1,A100:1,A1095:1,A1100:1,A1007:1,A1009:1,A1006:1,A1209:1,A1107:1,A260:1,A1003:1,A1002:1,A1245:1,A1005:1,A1008:1,A1250:1,A1004:1,A1260:1,A1249:1,A1261:1,A1108:1,A1282:1,B1097:1,B1010:1,B251:2,B251:3,B251:4,B100:2,B100:3,B1090:2,B251:5,B251:6,B250:2,B1095:2,B1100:2,B100:4,B100:5,B100:6,B1090:3,B250:3,B250:4,B250:5,B251:7,B251:8,B1095:3,B100:7,B100:8,B100:9,B1090:4,B250:6,B250:7,B251:9,B251:10,B228:1,B1007:2,B100:10,B100:11,B100:12,B260:2,B260:3,B250:10,B250:11,B250:12,B251:13,B251:14,B251:15,B1090:5,B250:8,B250:9,B251:11,B251:12,B260:4,B260:5,B260:6,B250:13,B250:14,B250:15,B251:16,B251:17,B251:18,B1009:2,B1209:2,B1107:2,B260:7,B260:8,B260:9,B250:16,B250:17,B250:18,B251:19,B251:20,B251:21,B1090:6,B260:10,B260:11,B260:12,B1245:2,B250:19,B250:20,B250:21,B251:22,B251:23,B251:24,B260:13,B260:14,B260:15,B1003:2,B250:22,B250:23,B250:24,B251:25,B251:26,B251:27,B1209:3,B1005:2,B1245:3,B260:16,B260:17,B260:18,B1008:2,B1250:2,B1004:2,B1260:2,B1003:3,B260:19,B260:20,B260:21,B1245:4,B250:25,B250:26,B251:28,B251:29,B1245:5,B1108:2,B1249:2,B1261:2,B1005:3,B1209:4,B250:27,B250:28,B251:30,B251:31,B1008:3,B1250:3,B1004:3,B1260:3,B1249:3,B1245:6,B211:5,B260:22,B260:23,B250:29,B250:30,B251:32,B251:33,B260:24,B260:25,B1245:7,B250:31,B250:32,B251:34,B251:35,B1245:8,B260:26,B260:27,B1245:9,B250:33,B250:34,B251:36,B251:37,B260:28,B260:29,B250:35,B250:36,B251:38,B251:39,B1209:5,B211:6,B260:30,B260:31,B1282:2,B250:37,B250:38,B251:40,B251:41,B1245:10,B1245:11,B260:32,B260:33,B1108:3,B1245:12,B250:39,B250:40,B251:42,B251:43,B211:7,B1209:6,B260:34,B260:35,B1245:13,B250:41,B250:42,B251:44,B251:45,B1245:14,B260:36,B260:37,B1108:4,C146:1,C194:1,C134:1,C163:1,C118:1,C214:1,C1320:1,C239:1,C1405:1,C1097:2,C1097:3,C213:1,C164:1,C1229:1,C1010:2,C1097:4,C1208:1,C229:1,C1097:5,C1096:1,C1010:3,C1097:6,C1099:1,C211:1,C1097:7,C1104:1,C1247:1,C228:2,C146:21,C146:20,C146:19,C212:1,C1097:8,C146:24,C146:27,C146:23,C146:26,C146:25,C146:22,C211:2,C1097:9,C1248:1,C211:3,C1256:1,C228:3,C211:4,C1097:10,C1097:11,C146:29,C146:28,C1097:12,C146:31,C146:30,C1097:13,C146:33,C146:32,C146:35,C146:34,C1097:14,C1097:15,C146:37,C146:36,C146:39,C146:38,C213:6,C146:41,C146:40,C1097:16,C1097:17,C1097:18,C146:42,C146:43,C213:7,C1097:19,C146:44,C146:45,C1097:20,C213:8
SP	52	A1090:1,A1095:1,A250:1,A251:1,A100:1,A1100:1,A1007:1,A1009:1,A1006:1,A1107:1,A1209:1,A260:1,A1002:1,A1003:1,A1005:1,A1245:1,A1244:1,A1252:1,A1253:1,A1310:1,A1251:1,A1308:1,A1309:1,A1390:1,A1391:1,A1284:1,B1097:1,B1010:1,B251:2,B251:3,B251:4,B100:2,B100:3,B1090:2,B251:5,B251:6,B1095:2,B250:2,B1100:2,B100:4,B100:5,B100:6,B1090:3,B1095:3,B250:3,B250:4,B250:5,B251:7,B251:8,B100:7,B100:8,B100:9,B1090:4,B250:6,B250:7,B251:9,B251:10,B228:1,B1007:2,B100:10,B100:11,B100:12,B1090:5,B260:2,B260:3,B250:8,B250:9,B251:11,B251:12,B250:10,B250:11,B250:12,B251:13,B251:14,B251:15,B1009:2,B260:4,B260:5,B260:6,B1107:2,B250:13,B250:14,B250:15,B251:16,B251:17,B251:18,B1209:2,B1090:6,B260:7,B260:8,B260:9,B250:16,B250:17,B250:18,B251:19,B251:20,B251:21,B1095:4,B1006:2,B1009:3,B1245:2,B260:10,B260:11,B260:12,B250:19,B250:20,B250:21,B251:22,B251:23,B251:24,B260:13,B260:14,B260:15,B250:22,B250:23,B250:24,B251:25,B251:26,B251:27,B1002:2,B1007:3,B260:16,B260:17,B260:18,B1245:3,B1252:2,B260:19,B260:20,B260:21,B250:25,B250:26,B251:28,B251:29,B1245:4,B1244:2,B1245:5,B1095:5,B1253:2,B1006:3,B250:27,B250:28,B251:30,B251:31,B1245:6,B1251:2,B1252:3,B1002:3,B1253:3,B211:5,B1310:2,B1309:2,B260:22,B260:23,B1245:7,B250:29,B250:30,B251:32,B251:33,B260:24,B260:25,B250:31,B250:32,B251:34,B251:35,B1308:2,B260:26,B260:27,B250:33,B250:34,B251:36,B251:37,B1245:8,B1245:9,B1244:3,B260:28,B260:29,B250:35,B250:36,B251:38,B251:39,B211:6,B1309:3,B1245:10,B260:30,B260:31,B250:37,B250:38,B251:40,B251:41,B1245:11,B1390:2,B1391:2,B1310:3,B260:32,B260:33,B1245:12,B250:39,B250:40,B251:42,B251:43,B1284:2,B1308:3,B211:7,B260:34,B260:35,B250:41,B250:42,B251:44,B251:45,B260:36,B260:37,B1245:13,B1244:4,B1245:14,B1390:3,B1391:3,B1284:3,B1310:4,C146:1,C194:1,C134:1,C163:1,C118:1,C214:1,C1320:1,C239:1,C1405:1,C1097:2,C1097:3,C213:1,C164:1,C1229:1,C1010:2,C1097:4,C1208:1,C229:1,C1097:5,C1096:1,C1010:3,C1097:6,C1099:1,C211:1,C212:1,C1097:7,C228:2,C1097:8,C146:21,C146:20,C146:19,C211:2,C146:24,C146:23,C146:22,C146:27,C146:26,C146:25,C1097:9,C211:3,C211:4,C228:3,C1097:10,C1097:11,C146:29,C146:28,C1097:12,C146:31,C146:30,C1097:13,C146:33,C146:32,C146:35,C146:34,C1097:14,C146:37,C1097:15,C146:36,C213:6,C146:38,C146:39,C1097:16,C146:41,C146:40,C1097:17,C1097:18,C146:42,C146:43,C213:7,C146:44,C146:45,C1097:19,C1097:20,C213:8
SP	53	A141:1,A142:1,B142:2,B142:3,B141:2,B142:4,B142:5,B141:3,C194:1,C1320:1,C1368:1,C172:1,C239:1,C1405:1,C150:1
SP	54	A141:1,A142:1,A100:1,A231:1,A205:1,B142:2,B142:3,B141:2,B100:2,B100:3,B245:1,B231:2,B100:4,B100:5,B100:6,B142:4,B142:5,B231:3,B231:4,B100:7,B100:8,B100:9,B231:5,B231:6,B231:7,B141:3,B205:3,B205:4,B205:2,B100:10,B100:11,B100:12,B231:8,B231:9,B231:10,B100:13,B100:14,B100:15,B231:11,B231:12,B231:13,B205:5,B205:6,B205:7,B205:8,C194:1,C1320:1,C1368:1,C172:1,C239:1,C1405:1,C150:1,C245:2,C245:3,C211:1,C245:4,C245:5,C245:6,C34:1,C245:7,C245:8,C245:9,C212:1,C148:1,C245:10,C245:11,C245:12,C245:13,C245:14,C245:15,C211:2,C211:3
SP	55	A141:1,A142:1,A100:1,A231:1,A205:1,A260:1,B142:2,B142:3,B141:2,B100:2,B100:3,B245:1,B231:2,B100:4,B100:5,B100:6,B142:4,B142:5,B231:3,B231:4,B100:7,B100:8,B100:9,B231:5,B231:6,B231:7,B141:3,B205:3,B205:4,B205:2,B100:10,B100:11,B100:12,B231:8,B231:9,B231:10,B260:2,B260:3,B100:13,B100:14,B100:15,B231:11,B231:12,B231:13,B260:4,B260:5,B260:6,B205:5,B205:6,B205:9,B205:10,B205:11,B231:14,B231:15,B231:16,B205:12,B205:13,B205:14,B231:17,B231:18,B231:19,B260:7,B260:8,B260:9,B36:1,B205:7,B205:8,B205:15,B205:16,B205:17,B231:20,B231:21,B231:22,B260:10,B260:11,B260:12,B205:18,B205:19,B205:20,B231:23,B231:24,B231:25,B260:13,B260:14,B260:15,B260:16,B260:17,B260:18,B205:21,B205:22,B205:23,B231:26,B231:27,B231:28,B260:19,B260:20,B260:21,B205:24,B205:25,B205:26,B231:29,B231:30,B231:31,B205:27,B205:28,B205:29,B231:32,B231:33,B231:34,B211:5,B260:22,B260:23,B260:24,B260:25,B205:30,B205:31,B231:35,B231:36,B205:32,B205:33,B231:37,B231:38,B260:26,B260:27,B211:6,B260:28,B260:29,B205:34,B205:35,B231:39,B231:40,B260:30,B260:31,B205:36,B205:37,B231:41,B231:42,B260:32,B260:33,B211:7,B205:38,B205:39,B231:43,B231:44,B260:34,B260:35,B211:8,B205:40,B205:41,B231:45,B231:46,B205:42,B205:43,B231:47,B231:48,B211:9,B260:36,B260:37,B205:44,B205:45,B231:49,B231:50,B211:10,C194:1,C1320:1,C1368:1,C172:1,C239:1,C1405:1,C150:1,C245:2,C245:3,C211:1,C245:4,C245:5,C245:6,C34:1,C245:7,C245:8,C245:9,C212:1,C148:1,C245:10,C245:11,C245:12,C245:13,C245:14,C245:15,C211:2,C36:2,C36:3,C36:4,C36:5,C36:6,C36:7,C36:8,C36:9,C211:3,C211:4,C36:10,C36:11,C36:12,C36:13,C36:14,C36:15,C36:16,C36:17,C36:18,C36:19,C36:20,C36:21,C424:1,C36:22,C36:23,C36:24,C36:25,C36:26,C36:27,C36:28,C36:29,C36:30,C36:31,C36:32,C36:33,C36:34,C36:35,C424:2,C36:36,C36:37,C424:3
SP	56	A141:1,A142:1,A100:1,A231:1,A205:1,B142:2,B142:3,B141:2,B100:2,B100:3,B245:1,B231:2,B100:4,B100:5,B100:6,B142:4,B142:5,B231:3,B231:4,B100:7,B100:8,B100:9,B231:5,B231:6,B231:7,B141:3,B205:3,B205:4,B205:2,B100:10,B100:11,B100:12,B231:8,B231:9,B231:10,B100:13,B100:14,B100:15,B231:11,B231:12,B231:13,B205:5,B205:6,B205:7,B205:8,C194:1,C172:1,C1320:1,C1368:1,C239:1,C1405:1,C150:1,C245:2,C245:3,C211:1,C245:4,C245:5,C245:6,C34:1,C248:1,C245:7,C245:8,C245:9,C212:1,C148:1,C245:10,C245:11,C245:12,C245:13,C245:14,C245:15,C211:2,C211:3
SP	57	A141:1,A142:1,A100:1,A231:1,A205:1,A260:1,B142:2,B142:3,B141:2,B100:2,B100:3,B245:1,B231:2,B100:4,B100:5,B100:6,B142:4,B142:5,B231:3,B231:4,B100:7,B100:8,B100:9,B231:5,B231:6,B231:7,B141:3,B205:3,B205:4,B205:2,B100:10,B100:11,B100:12,B231:8,B231:9,B231:10,B260:2,B260:3,B100:13,B100:14,B100:15,B231:11,B231:12,B231:13,B260:4,B260:5,B260:6,B205:5,B205:6,B205:9,B205:10,B205:11,B231:14,B231:15,B231:16,B205:12,B205:13,B205:14,B231:17,B231:18,B231:19,B260:7,B260:8,B260:9,B36:1,B205:7,B205:8,B205:15,B205:16,B205:17,B231:20,B231:21,B231:22,B260:10,B260:11,B260:12,B205:18,B205:19,B205:20,B231:23,B231:24,B231:25,B260:13,B260:14,B260:15,B260:16,B260:17,B260:18,B205:21,B205:22,B205:23,B231:26,B231:27,B231:28,B260:19,B260:20,B260:21,B205:24,B205:25,B205:26,B231:29,B231:30,B231:31,B205:27,B205:28,B205:29,B231:32,B231:33,B231:34,B211:5,B260:22,B260:23,B260:24,B260:25,B205:30,B205:31,B231:35,B231:36,B211:6,B205:32,B205:33,B231:37,B231:38,B260:26,B260:27,B260:28,B260:29,B205:34,B205:35,B231:39,B231:40,B260:30,B260:31,B205:36,B205:37,B231:41,B231:42,B260:32,B260:33,B211:7,B205:38,B205:39,B231:43,B231:44,B205:40,B205:41,B231:45,B231:46,B260:34,B260:35,B211:8,B211:9,B205:42,B205:43,B231:47,B231:48,B260:36,B260:37,B205:44,B205:45,B231:49,B231:50,B211:10,C194:1,C172:1,C1320:1,C1368:1,C239:1,C1405:1,C150:1,C245:2,C245:3,C211:1,C245:4,C245:5,C245:6,C34:1,C248:1,C245:7,C245:8,C245:9,C212:1,C148:1,C245:10,C245:11,C245:12,C245:13,C245:14,C245:15,C211:2,C36:2,C36:3,C36:4,C36:5,C36:6,C36:7,C36:8,C36:9,C211:3,C211:4,C36:10,C36:11,C36:12,C36:13,C36:14,C36:15,C36:16,C36:17,C36:18,C36:19,C36:20,C36:21,C424:1,C36:22,C36:23,C36:24,C36:25,C36:26,C36:27,C36:28,C36:29,C36:30,C36:31,C36:32,C36:33,C36:34,C36:35,C424:2,C36:36,C36:37,C424:3
SP	88	A141:1,A142:1,A3:1,A255:1,A100:1,A227:1,A231:1,A257:1,A1:1,A9:1,A6:1,A144:1,A5:1,A7:1,A8:1,A261:1,A330:1,A345:1,B142:2,B142:3,B3:2,B3:3,B3:4,B3:5,B3:6,B141:2,B56:1,B16:1,B255:2,B255:3,B100:2,B100:3,B3:7,B3:8,B3:9,B245:1,B227:2,B231:2,B142:4,B142:5,B255:4,B255:5,B255:6,B100:4,B100:5,B100:6,B227:3,B231:3,B227:4,B231:4,B141:3,B227:5,B231:5,B227:6,B231:6,B227:7,B231:7,B255:7,B255:8,B255:9,B100:7,B100:8,B100:9,B257:3,B257:4,B227:8,B231:8,B227:9,B231:9,B227:10,B231:10,B257:2,B255:10,B255:11,B255:12,B100:10,B100:11,B100:12,B257:5,B257:6,B1:2,B1:3,B9:2,B9:3,B6:2,B6:3,B1:4,B1:5,B1:6,B227:11,B231:11,B227:12,B231:12,B227:13,B231:13,B6:4,B6:5,B6:6,B255:13,B255:14,B255:15,B144:2,B144:3,B257:9,B257:10,B257:11,B227:14,B231:14,B227:15,B231:15,B227:16,B231:16,B9:4,B9:5,B9:6,B100:13,B100:14,B100:15,B5:2,B5:3,B1:7,B1:8,B1:9,B144:4,B144:5,B144:6,B257:12,B257:13,B257:14,B227:17,B231:17,B227:18,B231:18,B227:19,B231:19,B6:7,B6:8,B6:9,B260:1,B190:1,B144:7,B144:8,B144:9,B257:15,B257:16,B257:17,B227:20,B231:20,B227:21,B231:21,B227:22,B231:22,B257:7,B257:8,B9:7,B9:8,B9:9,B5:4,B5:5,B5:6,B1:10,B1:11,B1:12,B7:2,B7:3,B6:10,B6:11,B6:12,B144:10,B144:11,B144:12,B257:18,B257:19,B257:20,B227:23,B231:23,B227:24,B231:24,B227:25,B231:25,B9:10,B9:11,B9:12,B5:7,B5:8,B5:9,B1:13,B1:14,B1:15,B7:4,B7:5,B7:6,B8:2,B6:13,B6:14,B6:15,B144:13,B144:14,B144:15,B257:21,B257:22,B257:23,B227:26,B231:26,B227:27,B231:27,B227:28,B231:28,B9:13,B9:14,B9:15,B5:10,B5:11,B5:12,B1:16,B1:17,B1:18,B261:2,B261:3,B7:7,B7:8,B7:9,B6:16,B6:17,B6:18,B9:16,B9:17,B9:18,B5:13,B5:14,B5:15,B1:19,B1:20,B1:21,B144:16,B144:17,B144:18,B257:24,B257:25,B257:26,B227:29,B231:29,B227:30,B231:30,B227:31,B231:31,B261:4,B261:5,B261:6,B7:10,B7:11,B7:12,B6:19,B6:20,B6:21,B144:19,B144:20,B144:21,B257:27,B257:28,B257:29,B227:32,B231:32,B227:33,B231:33,B227:34,B231:34,B8:3,B9:19,B9:20,B5:16,B5:17,B1:22,B1:23,B261:7,B261:8,B7:13,B7:14,B6:22,B6:23,B144:22,B144:23,B257:30,B257:31,B227:35,B231:35,B227:36,B231:36,B9:21,B9:22,B5:18,B5:19,B1:24,B1:25,B8:4,B261:9,B261:10,B7:15,B7:16,B6:24,B6:25,B9:23,B9:24,B144:24,B144:25,B257:32,B257:33,B227:37,B231:37,B227:38,B231:38,B5:20,B5:21,B1:26,B1:27,B261:11,B261:12,B7:17,B7:18,B6:26,B6:27,B8:5,B144:26,B144:27,B257:34,B257:35,B227:39,B231:39,B227:40,B231:40,B9:25,B9:26,B5:22,B5:23,B1:28,B1:29,B9:27,B9:28,B261:13,B261:14,B7:19,B7:20,B6:28,B6:29,B5:24,B5:25,B1:30,B1:31,B261:15,B261:16,B7:21,B7:22,B6:30,B6:31,B144:28,B144:29,B257:36,B257:37,B227:41,B231:41,B227:42,B231:42,B144:30,B144:31,B257:38,B257:39,B227:43,B231:43,B227:44,B231:44,B9:29,B9:30,B5:26,B5:27,B1:32,B1:33,B261:17,B261:18,B7:23,B7:24,B6:32,B6:33,B144:32,B144:33,B257:40,B257:41,B227:45,B231:45,B227:46,B231:46,B9:31,B9:32,B5:28,B5:29,B1:34,B1:35,B261:19,B261:20,B7:25,B7:26,B6:34,B6:35,B8:6,B144:34,B144:35,B257:42,B257:43,B227:47,B231:47,B227:48,B231:48,B8:7,B9:33,B9:34,B5:30,B5:31,B1:36,B1:37,B261:21,B261:22,B7:27,B7:28,B6:36,B6:37,B144:36,B144:37,B257:44,B257:45,B227:49,B231:49,B227:50,B231:50,B430:1,C194:1,C1320:1,C56:2,C16:2,C56:3,C16:3,C56:4,C16:4,C56:5,C16:5,C56:6,C16:6,C239:1,C1405:1,C245:2,C245:3,C56:7,C16:7,C56:8,C16:8,C56:9,C16:9,C245:4,C245:5,C245:6,C211:1,C78:1,C245:7,C245:8,C245:9,C245:10,C245:11,C245:12,C212:1,C148:1,C245:13,C245:14,C245:15,C211:2,C260:2,C190:2,C260:3,C190:3,C260:4,C190:4,C260:5,C190:5,C260:6,C190:6,C260:7,C190:7,C260:8,C190:8,C260:9,C190:9,C121:1,C287:1,C260:10,C190:10,C260:11,C190:11,C260:12,C190:12,C211:3,C260:13,C190:13,C260:14,C190:14,C260:15,C190:15,C290:1,C78:2,C260:16,C190:16,C260:17,C190:17,C260:18,C190:18,C260:19,C190:19,C260:20,C190:20,C260:21,C190:21,C287:2,C424:1,C260:22,C190:22,C260:23,C190:23,C260:24,C190:24,C260:25,C190:25,C451:1,C260:26,C190:26,C260:27,C190:27,C297:1,C260:28,C190:28,C260:29,C190:29,C260:30,C190:30,C260:31,C190:31,C287:3,C260:32,C190:32,C260:33,C190:33,C260:34,C190:34,C260:35,C190:35,C424:2,C451:2,C260:36,C190:36,C260:37,C190:37,C297:2,C424:3,C328:1,C329:1
SP	89	A245:1,A141:1,A142:1,A231:1,A216:1,A36:1,A48:1,A330:1,A361:1,A347:1,B245:2,B245:3,B142:2,B142:3,B141:2,B3:1,B56:1,B16:1,B255:1,B100:1,B245:4,B245:5,B245:6,B231:2,B142:4,B142:5,B245:7,B245:8,B245:9,B231:3,B231:4,B141:3,B231:5,B231:6,B231:7,B245:10,B245:11,B245:12,B216:3,B216:4,B231:8,B231:9,B231:10,B216:2,B245:13,B245:14,B245:15,B216:5,B216:6,B36:2,B36:3,B48:2,B48:3,B231:11,B231:12,B231:13,B36:4,B36:5,B36:6,B48:4,B48:5,B48:6,B216:9,B216:10,B216:11,B231:14,B231:15,B231:16,B36:7,B36:8,B36:9,B48:7,B48:8,B48:9,B216:12,B216:13,B216:14,B231:17,B231:18,B231:19,B216:7,B216:8,B216:15,B216:16,B216:17,B231:20,B231:21,B231:22,B36:10,B36:11,B36:12,B48:10,B48:11,B48:12,B216:18,B216:19,B216:20,B231:23,B231:24,B231:25,B36:13,B36:14,B36:15,B48:13,B48:14,B48:15,B36:16,B36:17,B36:18,B48:16,B48:17,B48:18,B36:19,B36:20,B36:21,B48:19,B48:20,B48:21,B216:21,B216:22,B216:23,B231:26,B231:27,B231:28,B216:24,B216:25,B216:26,B231:29,B231:30,B231:31,B216:27,B216:28,B216:29,B231:32,B231:33,B231:34,B211:5,B36:22,B36:23,B48:22,B48:23,B36:24,B36:25,B48:24,B48:25,B216:30,B216:31,B231:35,B231:36,B211:6,B36:26,B48:26,B36:27,B48:27,B216:32,B216:33,B231:37,B231:38,B36:28,B36:29,B48:28,B48:29,B216:34,B216:35,B231:39,B231:40,B216:36,B216:37,B231:41,B231:42,B36:30,B36:31,B48:30,B48:31,B36:32,B48:32,B36:33,B48:33,B211:7,B216:38,B216:39,B231:43,B231:44,B216:40,B216:41,B231:45,B231:46,B211:8,B36:34,B36:35,B48:34,B48:35,B211:9,B216:42,B216:43,B231:47,B231:48,B36:36,B48:36,B36:37,B48:37,B216:44,B216:45,B231:49,B231:50,B211:10,B430:1,C194:1,C1320:1,C3:2,C56:2,C16:2,C3:3,C56:3,C16:3,C3:4,C56:4,C16:4,C3:5,C56:5,C16:5,C3:6,C56:6,C16:6,C239:1,C1405:1,C255:2,C100:2,C255:3,C100:3,C3:7,C56:7,C16:7,C3:8,C56:8,C16:8,C3:9,C56:9,C16:9,C255:4,C100:4,C255:5,C100:5,C255:6,C100:6,C211:1,C78:1,C255:7,C100:7,C255:8,C100:8,C255:9,C100:9,C255:10,C100:10,C255:11,C100:11,C255:12,C100:12,C212:1,C148:1,C255:13,C100:13,C255:14,C100:14,C255:15,C100:15,C211:2,C121:1,C287:1,C211:3,C317:1,C211:4,C116:1,C130:1,C290:1,C317:2,C287:2,C421:1,C424:1,C452:1,C130:2,C181:1,C317:3,C421:2,C287:3,C424:2,C421:3,C317:4,C421:4,C424:3,C317:5,C421:5,C328:1,C329:1
SP	90	A141:1,A142:1,A3:1,A232:1,A28:1,A217:1,A153:1,A18:1,A400:1,A368:1,B142:2,B142:3,B3:2,B3:3,B3:4,B3:5,B3:6,B141:2,B3:7,B3:8,B3:9,B232:2,B232:3,B142:4,B142:5,B232:4,B232:5,B232:6,B28:2,B28:3,B141:3,B232:7,B232:8,B232:9,B82:1,B110:1,B28:4,B28:5,B28:6,B217:3,B217:4,B232:10,B232:11,B232:12,B112:1,B28:7,B28:8,B28:9,B217:2,B153:2,B217:9,B217:10,B217:11,B232:16,B232:17,B232:18,B18:2,B18:3,B28:13,B28:14,B28:15,B217:5,B217:6,B232:13,B232:14,B232:15,B28:10,B28:11,B28:12,B217:12,B217:13,B217:14,B232:19,B232:20,B232:21,B18:4,B18:5,B18:6,B28:16,B28:17,B28:18,B217:15,B217:16,B217:17,B232:22,B232:23,B232:24,B217:7,B217:8,B18:7,B18:8,B18:9,B28:19,B28:20,B28:21,B217:18,B217:19,B217:20,B232:25,B232:26,B232:27,B18:10,B18:11,B18:12,B28:22,B28:23,B28:24,B197:1,B153:3,B72:1,B196:1,B217:21,B217:22,B217:23,B232:28,B232:29,B232:30,B18:13,B18:14,B18:15,B28:25,B28:26,B28:27,B217:24,B217:25,B217:26,B232:31,B232:32,B232:33,B318:1,B18:16,B18:17,B18:18,B28:28,B28:29,B28:30,B217:27,B217:28,B217:29,B232:34,B232:35,B232:36,B18:19,B18:20,B18:21,B28:31,B28:32,B28:33,B217:30,B217:31,B232:37,B232:38,B400:2,B18:22,B18:23,B28:34,B28:35,B147:37,B147:36,B406:1,B153:4,B217:32,B217:33,B232:39,B232:40,B18:24,B18:25,B28:36,B28:37,B147:39,B147:38,B217:34,B217:35,B232:41,B232:42,B400:3,B147:41,B147:40,B18:26,B18:27,B28:38,B28:39,B400:4,B217:36,B217:37,B232:43,B232:44,B147:43,B147:42,B400:5,B18:28,B18:29,B28:40,B28:41,B147:45,B147:44,B217:38,B217:39,B232:45,B232:46,B147:47,B147:46,B18:30,B18:31,B28:42,B28:43,B217:40,B217:41,B232:47,B232:48,B400:6,B18:32,B18:33,B28:44,B28:45,B147:49,B147:48,B217:42,B217:43,B232:49,B232:50,B400:7,B18:34,B18:35,B28:46,B28:47,B400:8,B400:9,B147:50,B147:51,B217:44,B217:45,B232:51,B232:52,B18:36,B18:37,B28:48,B28:49,B400:10,B335:1,B350:1,C56:1,C16:1,C194:1,C1320:1,C239:1,C1405:1,C92:1,C147:1,C70:1,C147:2,C147:5,C147:4,C147:3,C147:8,C147:7,C147:6,C45:1,C147:11,C147:10,C147:9,C147:17,C147:16,C147:15,C147:20,C147:19,C147:18,C147:14,C147:13,C147:12,C147:23,C147:22,C147:21,C262:1,C147:26,C147:25,C147:24,C112:2,C49:1,C44:1,C147:29,C147:28,C147:32,C147:27,C147:31,C147:30,C82:2,C112:3,C147:35,C147:34,C147:33,C191:1,C197:2,C110:2,C69:1,C72:2,C112:4,C97:1,C403:1,C404:1,C72:3,C82:3,C291:1,C406:2,C406:3,C328:1,C329:1,C353:1,C341:1,C429:1,C438:1
SP	91	A141:1,A142:1,A3:1,A232:1,A28:1,A217:1,A153:1,A18:1,A103:1,A401:1,A368:1,B142:2,B142:3,B3:2,B3:3,B3:4,B3:5,B3:6,B141:2,B3:7,B3:8,B3:9,B232:2,B232:3,B142:4,B142:5,B232:4,B232:5,B232:6,B28:2,B28:3,B141:3,B232:7,B232:8,B232:9,B82:1,B110:1,B28:4,B28:5,B28:6,B217:3,B217:4,B232:10,B232:11,B232:12,B112:1,B28:7,B28:8,B28:9,B217:2,B217:9,B217:10,B217:11,B232:16,B232:17,B232:18,B18:2,B18:3,B28:13,B28:14,B28:15,B153:2,B217:5,B217:6,B232:13,B232:14,B232:15,B217:12,B217:13,B217:14,B232:19,B232:20,B232:21,B28:10,B28:11,B28:12,B18:4,B18:5,B18:6,B28:16,B28:17,B28:18,B217:15,B217:16,B217:17,B232:22,B232:23,B232:24,B18:7,B18:8,B18:9,B28:19,B28:20,B28:21,B217:7,B217:8,B217:18,B217:19,B217:20,B232:25,B232:26,B232:27,B18:10,B18:11,B18:12,B28:22,B28:23,B28:24,B86:1,B153:3,B72:1,B217:21,B217:22,B217:23,B232:28,B232:29,B232:30,B18:13,B18:14,B18:15,B28:25,B28:26,B28:27,B217:24,B217:25,B217:26,B232:31,B232:32,B232:33,B217:27,B217:28,B217:29,B232:34,B232:35,B232:36,B18:16,B18:17,B18:18,B28:28,B28:29,B28:30,B18:19,B18:20,B18:21,B28:31,B28:32,B28:33,B217:30,B217:31,B232:37,B232:38,B401:2,B18:22,B18:23,B28:34,B28:35,B153:4,B147:37,B147:36,B217:32,B217:33,B232:39,B232:40,B18:24,B18:25,B28:36,B28:37,B147:39,B147:38,B217:34,B217:35,B232:41,B232:42,B401:3,B147:41,B103:2,B147:40,B18:26,B18:27,B28:38,B28:39,B401:4,B217:36,B217:37,B232:43,B232:44,B147:43,B401:5,B147:42,B18:28,B18:29,B28:40,B28:41,B147:45,B147:47,B147:44,B147:46,B217:38,B217:39,B232:45,B232:46,B217:40,B217:41,B232:47,B232:48,B18:30,B18:31,B28:42,B28:43,B103:3,B18:32,B18:33,B28:44,B28:45,B401:6,B147:49,B147:48,B217:42,B217:43,B232:49,B232:50,B401:7,B18:34,B18:35,B28:46,B28:47,B401:8,B401:9,B103:4,B147:50,B147:51,B217:44,B217:45,B232:51,B232:52,B18:36,B18:37,B28:48,B28:49,B401:10,B335:1,B350:1,B439:1,C56:1,C16:1,C194:1,C1320:1,C239:1,C1405:1,C92:1,C147:1,C70:1,C147:2,C147:5,C147:4,C147:3,C147:8,C147:7,C147:6,C45:1,C147:11,C147:17,C147:10,C147:16,C147:9,C147:15,C147:20,C147:19,C147:18,C147:23,C147:22,C147:21,C147:14,C147:13,C147:12,C147:26,C147:25,C147:24,C112:2,C147:29,C147:28,C82:2,C147:27,C147:35,C147:34,C147:32,C147:33,C147:31,C147:30,C127:1,C112:3,C86:2,C110:2,C191:1,C72:2,C112:4,C86:3,C403:1,C72:3,C82:3,C291:1,C328:1,C329:1,C353:1,C342:1,C429:1
SP	92	A141:1,A142:1,A56:1,A208:1,A233:1,A101:1,A19:1,A24:1,A343:1,A330:1,A354:1,A431:1,B142:2,B142:3,B56:2,B56:3,B56:4,B56:5,B56:6,B141:2,B208:2,B208:3,B16:1,B3:1,B56:7,B56:8,B56:9,B56:10,B56:11,B56:12,B233:2,B208:4,B208:5,B208:6,B56:13,B56:14,B56:15,B142:4,B142:5,B233:3,B233:4,B208:7,B208:8,B208:9,B56:16,B56:17,B56:18,B141:3,B233:5,B233:6,B208:10,B208:11,B208:12,B56:19,B56:20,B56:21,B137:1,B101:2,B101:3,B233:7,B233:8,B208:13,B208:14,B208:15,B56:22,B56:23,B56:24,B19:2,B19:3,B101:4,B101:5,B101:6,B19:4,B19:5,B19:6,B19:7,B19:8,B19:9,B101:7,B101:8,B101:9,B233:9,B233:10,B233:11,B233:12,B233:13,B208:16,B208:17,B208:18,B101:10,B101:11,B101:12,B233:14,B233:15,B233:16,B208:19,B208:20,B208:21,B233:17,B233:18,B233:19,B208:22,B208:23,B208:24,B24:2,B24:3,B19:10,B19:11,B19:12,B168:1,B101:13,B101:14,B101:15,B233:20,B233:21,B233:22,B208:25,B208:26,B208:27,B24:4,B24:5,B24:6,B19:13,B19:14,B19:15,B19:16,B19:17,B19:18,B101:16,B101:17,B101:18,B19:19,B19:20,B19:21,B101:19,B101:20,B101:21,B101:22,B101:23,B101:24,B233:23,B233:24,B233:25,B208:28,B208:29,B208:30,B24:7,B24:8,B24:9,B233:26,B233:27,B233:28,B208:31,B208:32,B208:33,B233:29,B233:30,B233:31,B208:34,B208:35,B208:36,B24:10,B24:11,B24:12,B24:13,B24:14,B24:15,B19:22,B19:23,B19:24,B19:25,B101:25,B101:26,B101:27,B101:28,B19:26,B19:27,B19:28,B19:29,B233:32,B233:33,B208:37,B208:38,B233:34,B233:35,B208:39,B208:40,B24:16,B24:17,B101:29,B101:30,B24:18,B24:19,B101:31,B101:32,B233:36,B233:37,B208:41,B208:42,B24:20,B24:21,B233:38,B233:39,B208:43,B208:44,B24:22,B24:23,B19:30,B19:31,B19:32,B19:33,B101:33,B101:34,B101:35,B101:36,B19:34,B19:35,B233:40,B233:41,B208:45,B208:46,B24:24,B24:25,B233:42,B233:43,B208:47,B208:48,B24:26,B24:27,B101:37,B101:38,B233:44,B233:45,B208:49,B208:50,B24:28,B24:29,B19:36,B19:37,B101:39,B101:40,B233:46,B233:47,B208:51,B208:52,B24:30,B24:31,C194:1,C1320:1,C16:2,C3:2,C16:3,C3:3,C16:4,C3:4,C16:5,C3:5,C16:6,C3:6,C239:1,C1405:1,C16:7,C3:7,C16:8,C3:8,C16:9,C3:9,C16:10,C16:11,C16:12,C16:13,C16:14,C16:15,C4:1,C113:1,C195:1,C173:1,C16:16,C16:17,C16:18,C198:1,C148:1,C193:1,C16:19,C16:20,C16:21,C111:1,C16:22,C16:23,C16:24,C99:1,C225:1,C169:1,C131:1,C171:1,C303:1,C415:1,C416:1,C131:2,C418:1,C313:1,C99:2,C303:2,C131:3,C313:2,C303:3,C313:3,C415:2,C416:2,C313:4,C313:5,C303:4,C313:6,C313:7,C415:3,C416:3,C313:8,C328:1
SP	93	A16:1,A141:1,A142:1,A233:1,A209:1,A96:1,A263:1,A30:1,A409:1,A344:1,A432:1,A330:1,B16:2,B16:3,B16:4,B16:5,B16:6,B16:7,B16:8,B16:9,B142:2,B142:3,B16:10,B16:11,B16:12,B141:2,B56:1,B3:1,B16:13,B16:14,B16:15,B233:2,B142:4,B142:5,B16:16,B16:17,B16:18,B233:3,B233:4,B141:3,B16:19,B16:20,B16:21,B209:3,B209:4,B233:5,B233:6,B209:2,B137:1,B16:22,B16:23,B16:24,B263:2,B263:3,B209:5,B209:6,B233:7,B233:8,B263:4,B263:5,B263:6,B263:7,B263:8,B263:9,B30:2,B30:3,B101:1,B209:9,B209:10,B209:11,B233:11,B233:12,B233:13,B30:4,B30:5,B30:6,B30:7,B30:8,B30:9,B96:2,B209:12,B209:13,B209:14,B233:14,B233:15,B233:16,B209:15,B209:16,B209:17,B233:17,B233:18,B233:19,B209:7,B209:8,B233:9,B233:10,B263:10,B263:11,B263:12,B30:10,B30:11,B30:12,B263:13,B263:14,B263:15,B209:18,B209:19,B209:20,B233:20,B233:21,B233:22,B168:1,B137:2,B30:13,B30:14,B30:15,B263:16,B263:17,B263:18,B263:19,B263:20,B263:21,B209:21,B209:22,B209:23,B233:23,B233:24,B233:25,B30:16,B30:17,B30:18,B30:19,B30:20,B30:21,B209:24,B209:25,B209:26,B233:26,B233:27,B233:28,B209:27,B209:28,B209:29,B233:29,B233:30,B233:31,B96:3,B137:3,B263:22,B263:23,B30:22,B30:23,B96:4,B409:2,B233:32,B233:33,B263:24,B263:25,B263:26,B263:27,B209:30,B209:31,B30:24,B30:25,B30:26,B30:27,B409:3,B209:32,B209:33,B233:34,B233:35,B209:34,B209:35,B233:36,B233:37,B263:28,B263:29,B263:30,B263:31,B30:28,B30:29,B409:4,B409:5,B209:36,B209:37,B233:38,B233:39,B30:30,B30:31,B263:32,B263:33,B263:34,B263:35,B209:38,B209:39,B233:40,B233:41,B30:32,B30:33,B96:5,B409:6,B30:34,B30:35,B209:40,B209:41,B233:42,B233:43,B209:42,B209:43,B233:44,B233:45,B409:7,B96:6,B409:8,B409:9,B263:36,B263:37,B30:36,B30:37,B209:44,B209:45,B233:46,B233:47,B409:10,C194:1,C1320:1,C56:2,C3:2,C56:3,C3:3,C56:4,C3:4,C56:5,C3:5,C56:6,C3:6,C239:1,C1405:1,C56:7,C3:7,C56:8,C3:8,C56:9,C3:9,C56:10,C56:11,C56:12,C56:13,C56:14,C56:15,C4:1,C195:1,C173:1,C113:1,C56:16,C56:17,C56:18,C198:1,C148:1,C193:1,C56:19,C56:20,C56:21,C111:1,C101:2,C101:3,C56:22,C56:23,C56:24,C99:1,C225:1,C169:1,C12:1,C168:2,C171:1,C4:2,C11:1,C168:3,C412:1,C453:1,C111:2,C356:1,C357:1,C328:1,C358:1
SP	94	A249:1,A244:1,A1172:1,A1168:1,A1177:1,A1184:1,A1147:1,A234:1,A1274:1,A1231:1,A1417:1,A1288:1,A1289:1,A1292:1,A331:1,B1172:2,B244:2,B244:3,B1177:2,B1177:3,B1184:2,B1177:4,B1177:5,B1184:3,B1184:4,B1147:2,B234:2,B1184:5,B1184:6,B1147:3,B1147:4,B1220:1,B1172:3,B1172:4,B249:2,B234:3,B249:4,B234:4,B249:5,B249:3,B1147:5,B1147:6,B1168:2,B1181:1,B1172:5,B1172:6,B234:5,B249:6,B234:6,B249:7,B228:1,B1274:2,B1172:7,B1172:8,B234:7,B249:8,B234:8,B249:9,B234:9,B249:10,B234:10,B249:11,B234:11,B249:12,B1274:3,B1231:2,B1168:3,B234:12,B249:13,B234:13,B249:14,B234:14,B249:15,B1231:3,B1231:4,B1230:1,B1171:1,B1274:4,B234:15,B249:16,B234:16,B249:17,B234:17,B249:18,B1231:5,B1231:6,B234:18,B249:19,B234:19,B249:20,B234:20,B249:21,B1231:7,B1231:8,B234:21,B249:22,B234:22,B249:23,B234:23,B249:24,B1275:1,B1231:9,B1231:10,B1231:11,B1231:12,B1231:13,B1231:14,B234:24,B249:25,B234:25,B249:26,B1231:15,B1231:16,B234:26,B249:27,B234:27,B249:28,B1231:17,B1231:18,B234:28,B249:29,B234:29,B249:30,B1231:19,B1231:20,B234:30,B249:31,B234:31,B249:32,B1296:1,B1231:21,B1231:22,B234:32,B249:33,B234:33,B249:34,B1417:2,B1231:23,B1231:24,B234:34,B249:35,B234:35,B249:36,B234:36,B249:37,B234:37,B249:38,B1417:3,B1231:25,B1231:26,B1417:4,B234:38,B249:39,B234:39,B249:40,B1231:27,B1231:28,B234:40,B249:41,B234:41,B249:42,B1417:5,B1339:1,B433:1,C1068:1,C1040:1,C1012:1,C146:1,C194:1,C163:1,C118:1,C214:1,C1320:1,C239:1,C1405:1,C1069:1,C1216:1,C1011:1,C1015:1,C1027:1,C1127:1,C285:1,C1220:2,C1164:1,C1078:1,C1069:2,C1069:3,C213:1,C1220:3,C1220:4,C164:1,C1083:1,C1069:4,C1069:5,C1069:6,C1220:5,C1220:6,C229:1,C1181:2,C1069:7,C1069:8,C1069:9,C1220:7,C1220:8,C1144:1,C1181:3,C1160:1,C1222:1,C1078:2,C1069:10,C1069:11,C1069:12,C1230:2,C1171:2,C1069:13,C1069:14,C1069:15,C212:1,C1232:1,C1230:3,C1171:3,C1230:4,C1171:4,C1074:1,C228:2,C1072:1,C146:21,C1069:16,C1069:17,C1069:18,C146:20,C146:19,C1297:1,C1230:5,C1171:5,C1230:6,C1171:6,C146:24,C146:23,C146:22,C1069:19,C1069:20,C1069:21,C146:27,C146:26,C1275:2,C146:25,C1069:22,C1069:23,C1069:24,C1230:7,C1171:7,C1230:8,C1171:8,C1078:3,C1230:9,C1171:9,C1230:10,C1171:10,C228:3,C1275:3,C1230:11,C1230:12,C146:29,C146:28,C1232:2,C1069:25,C1069:26,C1230:13,C1230:14,C146:31,C146:30,C1275:4,C1069:27,C1069:28,C1275:5,C1171:13,C1230:15,C1230:16,C146:33,C146:32,C1078:4,C1275:6,C1171:11,C1072:2,C1232:3,C1069:29,C1069:30,C146:35,C146:34,C1230:17,C1230:18,C1296:2,C1275:7,C1171:12,C1069:31,C1069:32,C146:37,C146:36,C1230:19,C1230:20,C146:39,C146:38,C1078:5,C1230:21,C1230:22,C1069:33,C1069:34,C1296:3,C1275:8,C1285:1,C146:41,C1069:35,C1069:36,C146:40,C1230:23,C1230:24,C1072:3,C1296:4,C1275:9,C1171:14,C1069:37,C1069:38,C1296:5,C1275:10,C1171:15,C146:42,C146:43,C1296:6,C1275:11,C1171:16,C1072:4,C1230:25,C1230:26,C1078:6,C146:45,C1296:7,C1275:12,C1171:17,C146:44,C1069:39,C1069:40,C1230:27,C1230:28,C1072:5,C1069:41,C1069:42,C1296:8,C1275:13,C1171:18,C1296:9,C1275:14,C1171:19,C328:1
SP	95	A249:1,A244:1,A1172:1,A1168:1,A1177:1,A1184:1,A1147:1,A234:1,A1274:1,A1234:1,A1155:1,A1148:1,A331:1,B1172:2,B244:2,B244:3,B1177:2,B1177:3,B1184:2,B1177:4,B1177:5,B1184:3,B1184:4,B1147:2,B234:2,B1184:5,B1184:6,B1147:3,B1147:4,B1220:1,B1172:3,B1172:4,B249:2,B234:3,B249:4,B234:4,B249:5,B249:3,B1168:2,B1147:5,B1147:6,B1181:1,B1172:5,B1172:6,B1274:2,B234:5,B249:6,B234:6,B249:7,B228:1,B1172:7,B1172:8,B1274:3,B234:7,B249:8,B234:8,B249:9,B234:9,B249:10,B234:10,B249:11,B234:11,B249:12,B1168:3,B234:12,B249:13,B234:13,B249:14,B234:14,B249:15,B1234:2,B1274:4,B1234:3,B1234:4,B234:15,B249:16,B234:16,B249:17,B234:17,B249:18,B1155:2,B1234:5,B1234:6,B234:18,B249:19,B234:19,B249:20,B234:20,B249:21,B234:21,B249:22,B234:22,B249:23,B234:23,B249:24,B1155:3,B1155:4,B1234:7,B1234:8,B1155:5,B1155:6,B1234:9,B1234:10,B1234:11,B1234:12,B1168:4,B1148:2,B234:24,B249:25,B234:25,B249:26,B1234:13,B1234:14,B1148:3,B1234:15,B1234:16,B1148:4,B234:26,B249:27,B234:27,B249:28,B1148:5,B1155:7,B1234:17,B1234:18,B234:28,B249:29,B234:29,B249:30,B1168:5,B234:30,B249:31,B234:31,B249:32,B1148:6,B1155:8,B1234:19,B1234:20,B234:32,B249:33,B234:33,B249:34,B1148:7,B1155:9,B1234:21,B1234:22,B1234:23,B1234:24,B1148:8,B1155:10,B234:34,B249:35,B234:35,B249:36,B1168:6,B234:36,B249:37,B234:37,B249:38,B1148:9,B1155:11,B1234:25,B1234:26,B1148:10,B1155:12,B1148:11,B1155:13,B234:38,B249:39,B234:39,B249:40,B1234:27,B1234:28,B234:40,B249:41,B234:41,B249:42,B1148:12,B1155:14,B1148:13,B1155:15,B1168:7,B1343:1,B434:1,C1068:1,C1040:1,C1012:1,C146:1,C194:1,C163:1,C118:1,C214:1,C1320:1,C239:1,C1405:1,C1069:1,C1216:1,C1011:1,C1015:1,C1027:1,C1127:1,C285:1,C1220:2,C1164:1,C1078:1,C1069:2,C1069:3,C213:1,C1220:3,C1220:4,C164:1,C1083:1,C1069:4,C1069:5,C1069:6,C1220:5,C1220:6,C229:1,C1181:2,C1069:7,C1069:8,C1069:9,C1220:7,C1220:8,C1144:1,C1181:3,C1222:1,C1160:1,C1078:2,C1069:10,C1069:11,C1069:12,C1069:13,C1069:14,C1069:15,C212:1,C146:21,C1069:16,C1069:17,C1069:18,C146:20,C146:19,C228:2,C1263:1,C146:24,C146:23,C146:22,C146:27,C146:26,C1069:19,C1069:20,C1069:21,C146:25,C1069:22,C1069:23,C1069:24,C228:3,C146:29,C146:28,C1069:25,C1069:26,C1298:1,C1269:1,C1382:1,C146:31,C146:30,C1069:27,C1069:28,C146:33,C146:32,C1069:29,C1069:30,C146:35,C146:34,C1069:31,C1069:32,C146:37,C146:36,C1069:33,C1069:34,C146:39,C146:38,C146:41,C146:40,C1069:35,C1069:36,C1069:37,C1069:38,C146:42,C146:43,C146:44,C146:45,C1069:39,C1069:40,C1069:41,C1069:42,C328:1,C329:1,C1336:1,C1337:1
SP	96	A1172:1,A249:1,A244:1,A1168:1,A1177:1,A1184:1,A1147:1,A234:1,A1274:1,A143:1,A331:1,B1172:2,B244:2,B244:3,B1177:2,B1177:3,B1184:2,B1177:4,B1177:5,B1184:3,B1184:4,B1147:2,B234:2,B1184:5,B1184:6,B1147:3,B1147:4,B1220:1,B1172:3,B1172:4,B249:2,B234:3,B249:4,B234:4,B249:5,B249:3,B1147:5,B1147:6,B1168:2,B1181:1,B1172:5,B1172:6,B1274:2,B234:5,B249:6,B234:6,B249:7,B228:1,B1172:7,B1172:8,B1274:3,B234:7,B249:8,B234:8,B249:9,B234:9,B249:10,B234:10,B249:11,B234:11,B249:12,B1168:3,B1274:4,B234:12,B249:13,B234:13,B249:14,B234:14,B249:15,B234:15,B249:16,B234:16,B249:17,B234:17,B249:18,B234:18,B249:19,B234:19,B249:20,B234:20,B249:21,B234:21,B249:22,B234:22,B249:23,B234:23,B249:24,B234:24,B249:25,B234:25,B249:26,B234:26,B249:27,B234:27,B249:28,B143:2,B234:28,B249:29,B234:29,B249:30,B234:30,B249:31,B234:31,B249:32,B234:32,B249:33,B234:33,B249:34,B234:34,B249:35,B234:35,B249:36,B234:36,B249:37,B234:37,B249:38,B234:38,B249:39,B234:39,B249:40,B234:40,B249:41,B234:41,B249:42,C1068:1,C1040:1,C1012:1,C146:1,C194:1,C163:1,C118:1,C214:1,C1320:1,C239:1,C1405:1,C1069:1,C1216:1,C1011:1,C1015:1,C1027:1,C1127:1,C285:1,C1220:2,C1164:1,C1078:1,C1069:2,C1069:3,C213:1,C1220:3,C1220:4,C164:1,C1083:1,C1069:4,C1069:5,C1069:6,C1220:5,C1220:6,C229:1,C1181:2,C1069:7,C1069:8,C1069:9,C1220:7,C1220:8,C1144:1,C1181:3,C1160:1,C1222:1,C1078:2,C212:1,C1140:1,C1300:1,C228:2,C1139:1,C1141:1,C146:21,C146:20,C146:19,C146:27,C146:26,C146:25,C146:24,C146:23,C146:22,C228:3,C146:29,C146:28,C1386:1,C1383:1,C1140:2,C1144:2,C146:31,C146:30,C1140:3,C1139:2,C1141:2,C146:33,C146:32,C146:35,C146:34,C1301:1,C146:37,C146:36,C146:41,C146:40,C146:38,C146:39,C146:42,C146:43,C146:44,C146:45,C328:1,C1346:1,C435:1
SP	97	A1177:1,A1184:1,A1216:1,A1011:1,A1015:1,A1027:1,A1147:1,A249:1,A244:1,A1168:1,A235:1,A1219:1,A1218:1,A1217:1,A1020:1,A1258:1,A1401:1,A1402:1,A1271:1,A331:1,A1410:1,A1426:1,B1177:2,B1177:3,B1184:2,B1011:2,B1011:3,B1015:2,B1027:2,B1015:3,B1027:3,B1011:4,B1011:5,B1011:6,B1177:4,B1177:5,B1184:3,B1184:4,B1147:2,B1015:4,B1027:4,B1015:5,B1027:5,B1015:6,B1027:6,B1011:7,B1011:8,B1011:9,B244:2,B244:3,B235:2,B1015:7,B1027:7,B1015:8,B1027:8,B1015:9,B1027:9,B1011:10,B1011:11,B1011:12,B249:2,B1015:10,B1027:10,B1015:11,B1027:11,B1015:12,B1027:12,B1011:13,B1011:14,B1011:15,B249:3,B235:3,B249:4,B235:4,B249:5,B1015:13,B1027:13,B1015:14,B1027:14,B1015:15,B1027:15,B1011:16,B1011:17,B1011:18,B235:5,B249:6,B235:6,B249:7,B228:1,B1219:2,B1218:2,B1217:2,B1219:3,B1218:3,B1217:3,B1219:4,B1218:4,B1217:4,B1219:5,B1218:5,B1217:5,B1219:6,B1218:6,B1217:6,B235:7,B249:8,B235:8,B249:9,B235:9,B249:10,B235:10,B249:11,B235:11,B249:12,B235:12,B249:13,B235:13,B249:14,B235:14,B249:15,B1020:2,B1020:3,B1219:7,B1218:7,B1217:7,B1219:8,B1218:8,B1217:8,B1219:9,B1218:9,B1217:9,B1020:7,B1020:8,B1020:9,B1219:13,B1218:13,B1217:13,B1219:14,B1218:14,B1217:14,B1219:15,B1218:15,B1217:15,B1020:4,B1020:5,B1020:6,B1219:10,B1218:10,B1217:10,B1219:11,B1218:11,B1217:11,B1219:12,B1218:12,B1217:12,B235:15,B249:16,B235:16,B249:17,B235:17,B249:18,B235:21,B249:22,B235:22,B249:23,B235:23,B249:24,B235:18,B249:19,B235:19,B249:20,B235:20,B249:21,B1020:10,B1020:11,B1219:16,B1218:16,B1217:16,B1219:17,B1218:17,B1217:17,B235:24,B249:25,B235:25,B249:26,B1020:12,B1020:13,B1219:18,B1218:18,B1217:18,B1219:19,B1218:19,B1217:19,B1258:2,B1258:4,B235:26,B249:27,B235:27,B249:28,B1258:3,B1401:2,B1020:14,B1020:15,B1219:20,B1218:20,B1217:20,B1219:21,B1218:21,B1217:21,B1020:16,B1020:17,B1219:22,B1218:22,B1217:22,B1219:23,B1218:23,B1217:23,B1401:3,B235:28,B249:29,B235:29,B249:30,B235:30,B249:31,B235:31,B249:32,B1020:18,B1020:19,B1219:24,B1218:24,B1217:24,B1219:25,B1218:25,B1217:25,B1020:20,B1020:21,B1219:26,B1218:26,B1217:26,B1219:27,B1218:27,B1217:27,B1402:2,B1401:4,B1401:5,B235:32,B249:33,B235:33,B249:34,B1020:22,B1020:23,B1219:28,B1218:28,B1217:28,B1219:29,B1218:29,B1217:29,B235:34,B249:35,B235:35,B249:36,B235:36,B249:37,B235:37,B249:38,B1402:3,B1401:6,B1401:7,B1020:24,B1020:25,B1219:30,B1218:30,B1217:30,B1219:31,B1218:31,B1217:31,B1402:4,B1401:8,B1020:26,B1020:27,B1219:32,B1218:32,B1217:32,B1219:33,B1218:33,B1217:33,B235:38,B249:39,B235:39,B249:40,B235:40,B249:41,B235:41,B249:42,B1401:9,B1402:5,B1401:10,B1401:11,C1068:1,C1040:1,C1012:1,C146:1,C194:1,C163:1,C118:1,C214:1,C1320:1,C239:1,C1405:1,C1031:1,C1069:1,C1164:1,C1201:1,C1204:1,C1078:1,C1085:1,C1073:1,C1069:2,C1069:3,C213:1,C164:1,C1068:2,C1077:1,C1043:1,C1035:1,C1069:4,C1069:5,C1069:6,C229:1,C1191:1,C1040:2,C1069:7,C1069:8,C1069:9,C1044:1,C1062:1,C1069:10,C1069:11,C1069:12,C1028:1,C1204:2,C1078:2,C1069:13,C1069:14,C1069:15,C212:1,C228:2,C146:21,C1085:2,C1069:16,C1069:17,C1069:18,C146:20,C146:19,C1018:1,C146:27,C146:26,C146:25,C146:24,C146:23,C1069:22,C1069:23,C1069:24,C146:22,C1069:19,C1069:20,C1069:21,C228:3,C146:29,C146:28,C1394:1,C1069:25,C1069:26,C1396:1,C146:31,C146:30,C1069:27,C1069:28,C146:33,C146:32,C146:35,C146:34,C1394:2,C1069:29,C1069:30,C1418:1,C1069:31,C1069:32,C146:37,C146:36,C1394:3,C213:6,C146:39,C146:38,C1307:1,C1069:33,C1069:34,C146:41,C146:40,C1069:35,C1069:36,C1394:4,C1394:5,C1069:37,C1069:38,C146:42,C146:43,C213:7,C1394:6,C1394:7,C146:44,C146:45,C1069:39,C1069:40,C1307:2,C1394:8,C1069:41,C1069:42,C213:8,C1394:9,C1307:3,C1394:10,C328:1,C329:1,C1353:1,C1360:1,C1361:1,C436:1
SP	98	A1177:1,A1184:1,A1147:1,A249:1,A244:1,A1168:1,A235:1,A1043:1,A1062:1,A331:1,A1356:1,A1411:1,B1177:2,B1177:3,B1184:2,B1177:4,B1177:5,B1068:1,B1040:1,B1184:3,B1184:4,B1147:2,B244:2,B244:3,B235:2,B1069:1,B249:2,B1078:1,B1085:1,B1073:1,B1204:1,B249:3,B235:3,B249:4,B235:4,B249:5,B1035:1,B1077:1,B235:5,B249:6,B235:6,B249:7,B228:1,B1191:1,B235:7,B249:8,B235:8,B249:9,B235:9,B249:10,B235:10,B249:11,B235:11,B249:12,B235:12,B249:13,B235:13,B249:14,B235:14,B249:15,B1044:1,B235:15,B249:16,B235:16,B249:17,B235:17,B249:18,B1240:1,B1242:1,B1032:1,B1243:1,B235:18,B249:19,B235:19,B249:20,B235:20,B249:21,B1036:1,B1045:1,B1048:1,B1086:1,B235:21,B249:22,B235:22,B249:23,B235:23,B249:24,B235:24,B249:25,B235:25,B249:26,B1062:2,B1182:1,B1189:1,B1388:1,B1389:1,B1392:1,B1393:1,B235:26,B249:27,B235:27,B249:28,B211:5,B235:28,B249:29,B235:29,B249:30,B1033:1,B235:30,B249:31,B235:31,B249:32,B235:32,B249:33,B235:33,B249:34,B211:6,B235:34,B249:35,B235:35,B249:36,B235:36,B249:37,B235:37,B249:38,B235:38,B249:39,B235:39,B249:40,B211:7,B235:40,B249:41,B235:41,B249:42,B1352:1,C1012:1,C146:1,C194:1,C163:1,C118:1,C214:1,C1320:1,C239:1,C1405:1,C1216:1,C1011:1,C1015:1,C1027:1,C1031:1,C1164:1,C1069:2,C1069:3,C1201:1,C1068:2,C1069:4,C1069:5,C1069:6,C213:1,C164:1,C1040:2,C1069:7,C1069:8,C1069:9,C229:1,C1078:2,C1204:2,C1085:2,C211:1,C212:1,C1191:2,C1035:2,C1068:3,C228:2,C146:21,C146:20,C146:19,C1077:2,C1191:3,C1040:3,C1078:3,C146:24,C146:23,C146:22,C211:2,C146:27,C146:26,C146:25,C1240:2,C1242:2,C1032:2,C1243:2,C1045:2,C1048:2,C1044:2,C1035:3,C1085:3,C211:3,C211:4,C228:3,C1036:2,C1086:2,C1073:2,C1077:3,C1045:3,C1048:3,C1078:4,C1240:3,C1242:3,C1032:3,C1243:3,C1044:3,C1035:4,C1045:4,C1048:4,C146:29,C146:28,C146:31,C146:30,C146:33,C146:32,C1078:5,C146:35,C146:34,C1182:2,C1189:2,C1048:5,C146:37,C146:36,C1033:2,C1045:5,C213:6,C1388:2,C1389:2,C1392:2,C1393:2,C1182:3,C1189:3,C146:38,C146:39,C146:40,C146:41,C1033:3,C1078:6,C213:7,C1048:6,C146:42,C146:43,C146:44,C146:45,C1045:6,C1388:3,C1389:3,C1392:3,C1393:3,C213:8,C328:1,C329:1,C1358:1,C1359:1,C436:1
SP	99	A141:1,A142:1,A3:1,A232:1,A28:1,A217:1,A153:1,A18:1,A143:1,A400:1,A368:1,B91:1,B77:1,B141:2,B142:2,B142:3,B3:2,B3:3,B3:4,B3:5,B3:6,B3:7,B3:8,B3:9,B232:2,B232:3,B142:4,B142:5,B232:4,B232:5,B232:6,B28:2,B28:3,B141:3,B110:1,B232:7,B232:8,B232:9,B28:4,B28:5,B28:6,B217:3,B217:4,B112:1,B232:10,B232:11,B232:12,B217:2,B28:7,B28:8,B28:9,B217:9,B217:10,B217:11,B232:16,B232:17,B232:18,B18:2,B18:3,B28:13,B28:14,B28:15,B217:12,B217:13,B217:14,B232:19,B232:20,B232:21,B18:4,B18:5,B18:6,B28:16,B28:17,B28:18,B217:5,B217:6,B232:13,B232:14,B232:15,B28:10,B28:11,B28:12,B153:2,B217:15,B217:16,B217:17,B232:22,B232:23,B232:24,B18:7,B18:8,B18:9,B28:19,B28:20,B28:21,B217:7,B217:8,B230:1,B123:1,B197:1,B217:18,B217:19,B217:20,B232:25,B232:26,B232:27,B18:10,B18:11,B18:12,B28:22,B28:23,B28:24,B153:3,B217:21,B217:22,B217:23,B232:28,B232:29,B232:30,B18:13,B18:14,B18:15,B28:25,B28:26,B28:27,B217:24,B217:25,B217:26,B232:31,B232:32,B232:33,B18:16,B18:17,B18:18,B28:28,B28:29,B28:30,B217:27,B217:28,B217:29,B232:34,B232:35,B232:36,B18:19,B18:20,B18:21,B28:31,B28:32,B28:33,B217:30,B217:31,B232:37,B232:38,B18:22,B18:23,B28:34,B28:35,B147:37,B147:36,B153:4,B400:2,B217:32,B217:33,B232:39,B232:40,B18:24,B18:25,B28:36,B28:37,B147:39,B400:3,B147:38,B143:2,B217:34,B217:35,B232:41,B232:42,B147:41,B147:40,B18:26,B18:27,B28:38,B28:39,B400:4,B217:36,B217:37,B232:43,B232:44,B147:43,B147:42,B400:5,B18:28,B18:29,B28:40,B28:41,B147:45,B147:47,B147:44,B147:46,B217:38,B217:39,B232:45,B232:46,B217:40,B217:41,B232:47,B232:48,B18:30,B18:31,B28:42,B28:43,B18:32,B18:33,B28:44,B28:45,B400:6,B147:49,B147:48,B217:42,B217:43,B232:49,B232:50,B400:7,B400:8,B18:34,B18:35,B28:46,B28:47,B400:9,B147:51,B147:50,B217:44,B217:45,B232:51,B232:52,B18:36,B18:37,B28:48,B28:49,B400:10,B335:1,B351:1,C56:1,C16:1,C194:1,C1320:1,C239:1,C1405:1,C147:1,C58:1,C147:2,C21:1,C147:5,C147:4,C91:2,C147:3,C147:8,C147:7,C147:6,C61:1,C147:11,C147:17,C147:10,C147:16,C147:9,C147:15,C147:20,C147:19,C147:18,C147:14,C147:13,C147:12,C147:23,C147:22,C77:2,C147:21,C147:26,C147:25,C147:24,C112:2,C147:29,C147:28,C147:27,C112:3,C102:1,C147:32,C147:31,C147:35,C147:30,C147:34,C147:33,C197:2,C110:2,C191:1,C123:2,C112:4,C230:2,C402:1,C291:1,C107:1,C123:3,C316:1,C328:1,C329:1,C352:1,C341:1,C429:1
SP	100	A141:1,A142:1,A3:1,A232:1,A217:1,A153:1,A98:1,A407:1,B141:2,B142:2,B142:3,B3:2,B3:3,B3:4,B3:5,B3:6,B56:1,B16:1,B3:7,B3:8,B3:9,B232:2,B232:3,B142:4,B142:5,B232:4,B232:5,B232:6,B141:3,B232:7,B232:8,B232:9,B217:3,B217:4,B232:10,B232:11,B232:12,B217:2,B217:5,B217:6,B232:13,B232:14,B232:15,B153:2,B217:9,B217:10,B217:11,B217:7,B217:8,B217:12,B217:13,B217:14,B217:15,B217:16,B217:17,B217:18,B217:19,B217:20,B217:21,B217:22,B217:23,B217:24,B217:25,B217:26,B217:27,B217:28,B217:29,B217:30,B217:31,B217:32,B217:33,B217:34,B217:35,B98:2,B407:2,B407:3,B217:36,B217:37,B98:3,B407:4,B217:38,B217:39,B217:40,B217:41,B407:5,B217:42,B217:43,B98:4,B407:6,B407:7,B98:5,B407:8,B407:9,B217:44,B217:45,B407:10,C91:1,C77:1,C194:1,C1320:1,C56:2,C16:2,C56:3,C16:3,C56:4,C16:4,C56:5,C16:5,C56:6,C16:6,C239:1,C1405:1,C56:7,C16:7,C56:8,C16:8,C56:9,C16:9,C58:1,C147:1,C110:1,C21:1,C91:2,C112:1,C61:1,C230:1,C77:2,C102:1,C123:1,C267:1,C112:2,C196:1,C270:1,C147:23,C147:22,C191:1,C147:26,C147:25,C147:24,C268:1,C269:1,C147:32,C147:29,C147:31,C147:28,C147:30,C147:27,C147:35,C147:34,C147:33,C265:1,C264:1,C123:2,C402:1,C266:1,C147:37,C147:36,C147:39,C147:38,C230:2,C306:1,C147:40,C147:41,C123:3,C147:43,C147:42,C147:45,C147:44,C304:1,C147:46,C147:47,C147:48,C147:49,C308:1,C147:51,C147:50,C305:1,C349:1,C363:1,C328:1,C329:1,C364:1,C428:1,C437:1
SP	101	A16:1,A141:1,A142:1,A233:1,A209:1,A96:1,A263:1,A30:1,A321:1,A344:1,A432:1,A330:1,B16:2,B16:3,B16:4,B16:5,B16:6,B16:7,B16:8,B16:9,B16:10,B16:11,B16:12,B141:2,B142:2,B142:3,B56:1,B3:1,B16:13,B16:14,B16:15,B233:2,B142:4,B142:5,B16:16,B16:17,B16:18,B233:3,B233:4,B141:3,B16:19,B16:20,B16:21,B209:3,B209:4,B233:5,B233:6,B209:2,B263:2,B263:3,B16:22,B16:23,B16:24,B209:5,B209:6,B233:7,B233:8,B30:2,B30:3,B263:4,B263:5,B263:6,B209:9,B209:10,B209:11,B233:11,B233:12,B233:13,B263:7,B263:8,B263:9,B137:1,B101:1,B30:4,B30:5,B30:6,B30:7,B30:8,B30:9,B209:12,B209:13,B209:14,B233:14,B233:15,B233:16,B209:7,B209:8,B233:9,B233:10,B209:15,B209:16,B209:17,B233:17,B233:18,B233:19,B96:2,B263:10,B263:11,B263:12,B30:10,B30:11,B30:12,B209:18,B209:19,B209:20,B233:20,B233:21,B233:22,B137:2,B263:13,B263:14,B263:15,B30:13,B30:14,B30:15,B263:16,B263:17,B263:18,B263:19,B263:20,B263:21,B209:21,B209:22,B209:23,B233:23,B233:24,B233:25,B30:16,B30:17,B30:18,B30:19,B30:20,B30:21,B209:24,B209:25,B209:26,B233:26,B233:27,B233:28,B209:27,B209:28,B209:29,B233:29,B233:30,B233:31,B137:3,B96:3,B263:22,B263:23,B30:22,B30:23,B209:30,B209:31,B233:32,B233:33,B263:24,B263:25,B30:24,B30:25,B263:26,B263:27,B96:4,B209:32,B209:33,B233:34,B233:35,B263:28,B263:29,B30:26,B30:27,B263:30,B263:31,B321:2,B209:34,B209:35,B233:36,B233:37,B30:28,B30:29,B209:36,B209:37,B233:38,B233:39,B321:3,B321:4,B30:30,B30:31,B263:32,B263:33,B209:38,B209:39,B233:40,B233:41,B321:5,B321:6,B30:32,B30:33,B263:34,B263:35,B209:40,B209:41,B233:42,B233:43,B321:7,B321:8,B30:34,B30:35,B209:42,B209:43,B233:44,B233:45,B96:5,B263:36,B263:37,B96:6,B321:9,B321:10,B30:36,B30:37,B209:44,B209:45,B233:46,B233:47,C91:1,C77:1,C194:1,C1320:1,C56:2,C3:2,C56:3,C3:3,C56:4,C3:4,C56:5,C3:5,C56:6,C3:6,C239:1,C1405:1,C56:7,C3:7,C56:8,C3:8,C56:9,C3:9,C56:10,C56:11,C56:12,C58:1,C56:13,C56:14,C56:15,C195:1,C173:1,C113:1,C56:16,C56:17,C56:18,C91:2,C21:1,C61:1,C198:1,C56:19,C56:20,C56:21,C111:1,C101:2,C101:3,C56:22,C56:23,C56:24,C230:1,C99:1,C225:1,C169:1,C77:2,C123:1,C102:1,C12:1,C171:1,C123:2,C410:1,C412:1,C230:2,C453:1,C111:2,C123:3,C410:2,C410:3,C355:1,C356:1,C328:1,C358:1,C446:1
SP	102	A141:1,A142:1,A208:1,A56:1,A233:1,A101:1,A19:1,A24:1,A343:1,A330:1,A431:1,A354:1,A369:1,B141:2,B142:2,B142:3,B208:2,B208:3,B56:2,B56:3,B56:4,B56:5,B56:6,B56:7,B56:8,B56:9,B16:1,B3:1,B56:10,B56:11,B56:12,B233:2,B142:4,B142:5,B208:4,B208:5,B208:6,B56:13,B56:14,B56:15,B233:3,B233:4,B208:7,B208:8,B208:9,B56:16,B56:17,B56:18,B141:3,B233:5,B233:6,B208:10,B208:11,B208:12,B56:19,B56:20,B56:21,B101:2,B101:3,B233:7,B233:8,B208:13,B208:14,B208:15,B19:2,B19:3,B56:22,B56:23,B56:24,B137:1,B101:4,B101:5,B101:6,B19:4,B19:5,B19:6,B101:7,B101:8,B101:9,B233:11,B233:12,B233:13,B208:16,B208:17,B208:18,B19:7,B19:8,B19:9,B233:9,B233:10,B101:10,B101:11,B101:12,B233:14,B233:15,B233:16,B208:19,B208:20,B208:21,B233:17,B233:18,B233:19,B208:22,B208:23,B208:24,B24:2,B24:3,B19:10,B19:11,B19:12,B101:13,B101:14,B101:15,B233:20,B233:21,B233:22,B208:25,B208:26,B208:27,B24:4,B24:5,B24:6,B19:13,B19:14,B19:15,B101:16,B101:17,B101:18,B19:16,B19:17,B19:18,B233:23,B233:24,B233:25,B208:28,B208:29,B208:30,B24:7,B24:8,B24:9,B19:19,B19:20,B19:21,B101:19,B101:20,B101:21,B101:22,B101:23,B101:24,B233:26,B233:27,B233:28,B208:31,B208:32,B208:33,B24:10,B24:11,B24:12,B233:29,B233:30,B233:31,B208:34,B208:35,B208:36,B24:13,B24:14,B24:15,B19:22,B19:23,B101:25,B101:26,B19:24,B19:25,B233:32,B233:33,B208:37,B208:38,B24:16,B24:17,B101:27,B101:28,B19:26,B19:27,B233:34,B233:35,B208:39,B208:40,B24:18,B24:19,B101:29,B101:30,B19:28,B19:29,B233:36,B233:37,B208:41,B208:42,B101:31,B101:32,B24:20,B24:21,B19:30,B19:31,B233:38,B233:39,B208:43,B208:44,B24:22,B24:23,B101:33,B101:34,B19:32,B19:33,B101:35,B101:36,B233:40,B233:41,B208:45,B208:46,B24:24,B24:25,B19:34,B19:35,B233:42,B233:43,B208:47,B208:48,B24:26,B24:27,B101:37,B101:38,B233:44,B233:45,B208:49,B208:50,B24:28,B24:29,B19:36,B19:37,B101:39,B101:40,B233:46,B233:47,B208:51,B208:52,B24:30,B24:31,C91:1,C77:1,C194:1,C1320:1,C16:2,C3:2,C16:3,C3:3,C16:4,C3:4,C16:5,C3:5,C16:6,C3:6,C239:1,C1405:1,C16:7,C3:7,C16:8,C3:8,C16:9,C3:9,C16:10,C16:11,C16:12,C58:1,C16:13,C16:14,C16:15,C113:1,C195:1,C173:1,C16:16,C16:17,C16:18,C91:2,C21:1,C61:1,C198:1,C16:19,C16:20,C16:21,C111:1,C16:22,C16:23,C16:24,C230:1,C99:1,C225:1,C169:1,C77:2,C102:1,C123:1,C171:1,C303:1,C123:2,C416:1,C415:1,C413:1,C230:2,C99:2,C303:2,C123:3,C413:2,C303:3,C413:3,C416:2,C415:2,C413:4,C413:5,C303:4,C413:6,C413:7,C416:3,C415:3,C413:8,C328:1
SP	103	A249:1,A244:1,A1177:1,A1184:1,A1172:1,A234:1,A1274:1,A1231:1,A1417:1,A1288:1,A1290:1,A1293:1,A331:1,B244:2,B244:3,B1177:2,B1177:3,B1184:2,B1172:2,B1177:4,B1177:5,B1184:3,B1184:4,B234:2,B1184:5,B1184:6,B1175:1,B249:2,B1172:3,B1172:4,B234:3,B249:4,B234:4,B249:5,B249:3,B1181:1,B1172:5,B1172:6,B234:5,B249:6,B234:6,B249:7,B228:1,B1274:2,B1264:1,B1172:7,B1172:8,B234:9,B249:10,B234:10,B249:11,B234:11,B249:12,B234:7,B249:8,B234:8,B249:9,B1231:2,B234:12,B249:13,B234:13,B249:14,B234:14,B249:15,B1274:3,B1231:3,B1231:4,B1235:1,B1236:1,B234:15,B249:16,B234:16,B249:17,B234:17,B249:18,B1237:1,B1231:5,B1231:6,B1274:4,B234:18,B249:19,B234:19,B249:20,B234:20,B249:21,B234:21,B249:22,B234:22,B249:23,B234:23,B249:24,B1275:1,B1265:1,B1231:7,B1231:8,B1231:9,B1231:10,B1231:11,B1231:12,B1174:1,B1231:13,B1231:14,B234:24,B249:25,B234:25,B249:26,B234:26,B249:27,B234:27,B249:28,B1231:15,B1231:16,B1231:17,B1231:18,B234:28,B249:29,B234:29,B249:30,B234:30,B249:31,B234:31,B249:32,B1231:19,B1231:20,B1295:1,B1231:21,B1231:22,B1231:23,B1231:24,B234:32,B249:33,B234:33,B249:34,B1417:2,B234:34,B249:35,B234:35,B249:36,B234:36,B249:37,B234:37,B249:38,B1417:3,B1231:25,B1231:26,B1417:4,B1231:27,B1231:28,B234:38,B249:39,B234:39,B249:40,B234:40,B249:41,B234:41,B249:42,B1417:5,B1342:1,B1340:1,B433:1,C1068:1,C1040:1,C1012:1,C146:1,C194:1,C163:1,C118:1,C214:1,C1320:1,C239:1,C1405:1,C1069:1,C1216:1,C1011:1,C1015:1,C1027:1,C1127:1,C1164:1,C1206:1,C285:1,C1175:2,C1078:1,C1069:2,C1069:3,C1175:3,C1175:4,C213:1,C164:1,C1182:1,C1069:4,C1069:5,C1069:6,C1175:5,C1175:6,C229:1,C1181:2,C1069:7,C1069:8,C1069:9,C1175:7,C1175:8,C1069:10,C1069:11,C1069:12,C1264:2,C1181:3,C1145:1,C1235:2,C1236:2,C1223:1,C1078:2,C1069:13,C1069:14,C1069:15,C1238:1,C1047:1,C1237:2,C1235:3,C1236:3,C1235:4,C1236:4,C1071:1,C228:2,C212:1,C1264:3,C1072:1,C146:21,C1069:16,C1069:17,C1069:18,C146:20,C146:19,C1297:1,C1237:3,C1237:4,C1235:5,C1236:5,C1235:6,C1236:6,C1182:2,C146:27,C146:26,C146:25,C146:24,C146:23,C1275:2,C1265:2,C146:22,C1069:19,C1069:20,C1069:21,C1069:22,C1069:23,C1069:24,C1182:3,C1174:2,C1237:5,C1237:6,C1235:7,C1236:7,C1235:8,C1236:8,C1174:3,C1174:4,C1237:7,C1237:8,C1235:9,C1236:9,C1235:10,C1236:10,C228:3,C1174:5,C1174:6,C1235:11,C1235:12,C1275:3,C1265:3,C146:29,C146:28,C1069:25,C1069:26,C1238:2,C1047:2,C1174:7,C1174:8,C1235:13,C1235:14,C146:31,C146:30,C1069:27,C1069:28,C1275:4,C1265:4,C1275:5,C1265:5,C1174:9,C1174:10,C1235:15,C1235:16,C146:33,C146:32,C1072:2,C1238:3,C1275:6,C1265:6,C1237:9,C1236:11,C146:35,C146:34,C1069:29,C1069:30,C1174:11,C1174:12,C1235:17,C1235:18,C1295:2,C1275:7,C1265:7,C1237:10,C1236:12,C1069:31,C1069:32,C146:37,C146:36,C1174:13,C1174:14,C1235:19,C1235:20,C146:39,C146:38,C1047:3,C1174:15,C1174:16,C1235:21,C1235:22,C1295:3,C1275:8,C1265:8,C1237:11,C1236:13,C1286:1,C1069:33,C1069:34,C146:41,C146:40,C1174:17,C1174:18,C1235:23,C1235:24,C1069:35,C1069:36,C1072:3,C1295:4,C1275:9,C1265:9,C1237:12,C1236:14,C1069:37,C1069:38,C1295:5,C1275:10,C1265:10,C1237:13,C1236:15,C146:42,C146:43,C1295:6,C1275:11,C1265:11,C1237:14,C1236:16,C1072:4,C1174:19,C1174:20,C1235:25,C1235:26,C1295:7,C1275:12,C1265:12,C1237:15,C1236:17,C146:44,C146:45,C1069:39,C1069:40,C1174:21,C1174:22,C1235:27,C1235:28,C1047:4,C1072:5,C1069:41,C1069:42,C1295:8,C1275:13,C1265:13,C1237:16,C1236:18,C1295:9,C1275:14,C1265:14,C1237:17,C1236:19,C328:1
SP	104	A249:1,A244:1,A1177:1,A1184:1,A1172:1,A234:1,A1274:1,A143:1,A331:1,B1177:2,B1177:3,B244:2,B244:3,B1184:2,B1172:2,B1177:4,B1177:5,B1184:3,B1184:4,B234:2,B1184:5,B1184:6,B1175:1,B249:2,B1172:3,B1172:4,B234:3,B249:4,B234:4,B249:5,B249:3,B1181:1,B1172:5,B1172:6,B1274:2,B234:5,B249:6,B234:6,B249:7,B228:1,B1264:1,B1172:7,B1172:8,B1274:3,B234:7,B249:8,B234:8,B249:9,B234:9,B249:10,B234:10,B249:11,B234:11,B249:12,B234:12,B249:13,B234:13,B249:14,B234:14,B249:15,B1274:4,B234:15,B249:16,B234:16,B249:17,B234:17,B249:18,B234:21,B249:22,B234:22,B249:23,B234:23,B249:24,B234:18,B249:19,B234:19,B249:20,B234:20,B249:21,B234:24,B249:25,B234:25,B249:26,B234:26,B249:27,B234:27,B249:28,B143:2,B234:28,B249:29,B234:29,B249:30,B234:30,B249:31,B234:31,B249:32,B234:32,B249:33,B234:33,B249:34,B234:34,B249:35,B234:35,B249:36,B234:36,B249:37,B234:37,B249:38,B234:38,B249:39,B234:39,B249:40,B234:40,B249:41,B234:41,B249:42,C1068:1,C1040:1,C1012:1,C146:1,C194:1,C163:1,C118:1,C214:1,C1320:1,C239:1,C1405:1,C1069:1,C1216:1,C1011:1,C1015:1,C1027:1,C1127:1,C1206:1,C1164:1,C285:1,C1175:2,C1078:1,C1069:2,C1069:3,C1175:3,C1175:4,C213:1,C164:1,C1182:1,C1069:4,C1069:5,C1069:6,C1175:5,C1175:6,C229:1,C1181:2,C1069:7,C1069:8,C1069:9,C1175:7,C1175:8,C1264:2,C1181:3,C1145:1,C1223:1,C1078:2,C1140:1,C1300:1,C212:1,C228:2,C1264:3,C1139:1,C1141:1,C146:21,C146:20,C146:19,C146:27,C146:26,C146:25,C146:24,C146:23,C146:22,C228:3,C1140:2,C1145:2,C146:29,C146:28,C146:31,C146:30,C1384:1,C1140:3,C1145:3,C1139:2,C1141:2,C146:33,C146:32,C146:35,C146:34,C1301:1,C146:37,C146:36,C146:41,C146:40,C146:38,C146:39,C146:42,C146:43,C146:44,C146:45,C1347:1,C328:1,C435:1
SP	105	A1177:1,A1184:1,A1216:1,A1011:1,A1015:1,A1027:1,A249:1,A244:1,A235:1,A1217:1,A1020:1,A1401:1,A331:1,B1177:2,B1177:3,B1184:2,B1011:2,B1011:3,B1015:2,B1027:2,B1015:3,B1027:3,B1011:4,B1011:5,B1011:6,B1177:4,B1177:5,B1184:3,B1184:4,B1015:4,B1027:4,B1015:5,B1027:5,B1015:6,B1027:6,B1011:7,B1011:8,B1011:9,B244:2,B244:3,B235:2,B1015:7,B1027:7,B1015:8,B1027:8,B1015:9,B1027:9,B1011:10,B1011:11,B1011:12,B249:2,B1015:10,B1027:10,B1015:11,B1027:11,B1015:12,B1027:12,B1011:13,B1011:14,B1011:15,B235:3,B249:4,B235:4,B249:5,B249:3,B1015:13,B1027:13,B1015:14,B1027:14,B1015:15,B1027:15,B1011:16,B1011:17,B1011:18,B235:5,B249:6,B235:6,B249:7,B228:1,B235:7,B249:8,B235:8,B249:9,B235:9,B249:10,B235:10,B249:11,B235:11,B249:12,B235:12,B249:13,B235:13,B249:14,B235:14,B249:15,B1217:2,B1020:2,B1217:3,B1020:3,B1217:7,B1020:7,B1217:8,B1020:8,B1217:9,B1020:9,B235:15,B249:16,B235:16,B249:17,B235:17,B249:18,B1217:4,B1020:4,B1217:5,B1020:5,B1217:6,B1020:6,B1217:10,B1217:11,B1217:12,B235:21,B249:22,B235:22,B249:23,B235:23,B249:24,B235:18,B249:19,B235:19,B249:20,B235:20,B249:21,B1217:13,B1217:14,B1217:15,B1020:10,B1020:11,B235:24,B249:25,B235:25,B249:26,B1020:12,B1020:13,B235:26,B249:27,B235:27,B249:28,B1401:2,B1020:14,B1020:15,B1217:16,B1217:17,B1020:16,B1020:17,B1217:18,B1217:19,B235:28,B249:29,B235:29,B249:30,B1401:3,B235:30,B249:31,B235:31,B249:32,B1020:18,B1020:19,B1217:20,B1217:21,B1020:20,B1020:21,B1217:22,B1217:23,B1401:4,B235:32,B249:33,B235:33,B249:34,B1401:5,B1020:22,B1020:23,B1217:24,B1217:25,B235:34,B249:35,B235:35,B249:36,B1401:6,B235:36,B249:37,B235:37,B249:38,B1020:24,B1020:25,B1217:26,B1217:27,B1401:7,B235:38,B249:39,B235:39,B249:40,B1401:8,B1020:26,B1020:27,B1217:28,B1217:29,B235:40,B249:41,B235:41,B249:42,B1401:9,B1401:10,B1401:11,C1068:1,C1040:1,C1012:1,C146:1,C194:1,C163:1,C118:1,C214:1,C1320:1,C239:1,C1405:1,C1069:1,C1031:1,C1206:1,C1164:1,C1201:1,C1078:1,C1073:1,C1204:1,C1069:2,C1069:3,C213:1,C164:1,C1035:1,C1087:1,C1043:1,C1068:2,C1069:4,C1069:5,C1069:6,C229:1,C1040:2,C1069:7,C1069:8,C1069:9,C1033:1,C1257:1,C1044:1,C1069:10,C1069:11,C1069:12,C1028:1,C1078:2,C1204:2,C1069:13,C1069:14,C1069:15,C1243:1,C1259:1,C212:1,C228:2,C146:21,C1069:16,C1069:17,C1069:18,C146:20,C146:19,C146:27,C146:26,C146:25,C146:24,C146:23,C1069:22,C1069:23,C1069:24,C146:22,C1069:19,C1069:20,C1069:21,C1033:2,C1035:2,C1068:3,C228:3,C1087:2,C1257:2,C1033:3,C1040:3,C1078:3,C1394:1,C146:29,C146:28,C1069:25,C1069:26,C1304:1,C1393:1,C1397:1,C146:31,C146:30,C1243:2,C1044:2,C1035:3,C1069:27,C1069:28,C1243:3,C1044:3,C1035:4,C1259:2,C1073:2,C1087:3,C1257:3,C1078:4,C146:33,C146:32,C146:35,C146:34,C1394:2,C1303:1,C1069:29,C1069:30,C1069:31,C1069:32,C146:37,C146:36,C1394:3,C1078:5,C213:6,C146:39,C146:38,C1069:33,C1069:34,C146:41,C1069:35,C1069:36,C146:40,C1243:4,C1394:4,C1259:3,C1394:5,C1069:37,C1069:38,C146:42,C146:43,C213:7,C1304:2,C1393:2,C1397:2,C1243:5,C1394:6,C1069:39,C1069:40,C146:44,C146:45,C1078:6,C1394:7,C1303:2,C1243:6,C1394:8,C1069:41,C1069:42,C213:8,C1304:3,C1259:4,C1394:9,C1393:3,C1397:3,C1394:10,C1354:1,C328:1,C329:1,C1353:1,C1359:1,C1355:1,C436:1
SP	106	A141:1,A142:1,A3:1,A232:1,A70:1,A223:1,A28:1,A217:1,A153:1,A129:1,A18:1,A143:1,A103:1,A401:1,A368:1,B91:1,B77:1,B141:2,B142:2,B142:3,B3:2,B3:3,B3:4,B3:5,B3:6,B3:7,B3:8,B3:9,B142:4,B142:5,B232:2,B232:3,B70:2,B223:2,B223:3,B70:3,B70:4,B141:3,B232:4,B232:5,B232:6,B28:2,B28:3,B70:5,B70:6,B70:7,B223:4,B223:5,B223:6,B110:1,B232:7,B232:8,B232:9,B28:4,B28:5,B28:6,B70:8,B70:9,B70:10,B223:7,B223:8,B223:9,B217:3,B217:4,B223:10,B223:11,B223:12,B223:13,B223:14,B223:15,B232:10,B232:11,B232:12,B112:1,B223:16,B223:17,B223:18,B28:7,B28:8,B28:9,B70:11,B70:12,B70:13,B217:2,B232:13,B232:14,B232:15,B217:9,B217:10,B217:11,B232:16,B232:17,B232:18,B28:10,B28:11,B28:12,B18:2,B18:3,B28:13,B28:14,B28:15,B217:12,B217:13,B217:14,B232:19,B232:20,B232:21,B223:19,B223:20,B223:21,B70:14,B70:15,B70:16,B70:17,B70:18,B70:19,B18:4,B18:5,B18:6,B28:16,B28:17,B28:18,B217:5,B217:6,B70:20,B70:21,B70:22,B153:2,B217:15,B217:16,B217:17,B232:22,B232:23,B232:24,B217:7,B217:8,B18:7,B18:8,B18:9,B28:19,B28:20,B28:21,B223:22,B223:23,B223:24,B70:23,B70:24,B70:25,B217:18,B217:19,B217:20,B232:25,B232:26,B232:27,B18:10,B18:11,B18:12,B28:22,B28:23,B28:24,B70:26,B70:27,B70:28,B223:25,B223:26,B223:27,B153:3,B223:28,B223:29,B223:30,B223:31,B223:32,B223:33,B217:21,B217:22,B217:23,B232:28,B232:29,B232:30,B18:13,B18:14,B18:15,B28:25,B28:26,B28:27,B70:29,B70:30,B70:31,B217:24,B217:25,B217:26,B232:31,B232:32,B232:33,B18:16,B18:17,B18:18,B28:28,B28:29,B28:30,B217:27,B217:28,B217:29,B232:34,B232:35,B232:36,B70:32,B70:33,B70:34,B18:19,B18:20,B18:21,B28:31,B28:32,B28:33,B70:35,B70:36,B70:37,B223:34,B223:35,B129:2,B217:30,B217:31,B232:37,B232:38,B223:36,B223:37,B18:22,B18:23,B28:34,B28:35,B147:37,B147:36,B70:38,B70:39,B401:2,B223:38,B223:39,B153:4,B217:32,B217:33,B232:39,B232:40,B18:24,B18:25,B28:36,B28:37,B147:39,B143:2,B147:38,B401:3,B70:40,B70:41,B217:34,B217:35,B232:41,B232:42,B147:41,B147:40,B18:26,B18:27,B28:38,B28:39,B129:3,B103:2,B223:40,B223:41,B70:42,B70:43,B401:4,B223:42,B223:43,B223:44,B223:45,B401:5,B217:36,B217:37,B232:43,B232:44,B147:43,B147:42,B18:28,B18:29,B28:40,B28:41,B147:45,B147:44,B70:44,B70:45,B217:38,B217:39,B232:45,B232:46,B147:47,B147:46,B18:30,B18:31,B28:42,B28:43,B217:40,B217:41,B232:47,B232:48,B103:3,B223:46,B223:47,B70:46,B70:47,B18:32,B18:33,B28:44,B28:45,B401:6,B70:48,B70:49,B147:49,B147:48,B217:42,B217:43,B232:49,B232:50,B401:7,B18:34,B18:35,B28:46,B28:47,B401:8,B70:50,B70:51,B129:4,B401:9,B223:48,B223:49,B103:4,B147:51,B147:50,B217:44,B217:45,B232:51,B232:52,B18:36,B18:37,B28:48,B28:49,B70:52,B70:53,B401:10,B129:5,B335:1,B351:1,C56:1,C16:1,C194:1,C1320:1,C239:1,C1405:1,C147:1,C147:2,C294:1,C147:5,C147:4,C147:3,C91:2,C147:8,C147:7,C147:6,C147:11,C147:10,C147:17,C147:16,C147:9,C147:15,C147:20,C147:19,C147:18,C147:14,C147:13,C147:12,C147:23,C147:22,C147:21,C77:2,C147:26,C105:1,C147:25,C147:24,C115:1,C112:2,C147:29,C122:1,C147:28,C147:27,C147:32,C147:35,C147:31,C147:34,C147:30,C147:33,C289:1,C112:3,C191:1,C110:2,C112:4,C402:1,C291:1,C316:1,C328:1,C329:1,C352:1,C342:1,C429:1
SP	107	A141:1,A142:1,A3:1,A232:1,A70:1,A223:1,A217:1,A153:1,A129:1,A144:1,A143:1,A103:1,A401:1,A408:1,A84:1,B141:2,B142:2,B142:3,B3:2,B3:3,B3:4,B3:5,B3:6,B3:7,B3:8,B3:9,B56:1,B16:1,B142:4,B142:5,B232:2,B232:3,B70:2,B223:2,B223:3,B70:3,B70:4,B141:3,B232:4,B232:5,B232:6,B223:4,B223:5,B223:6,B70:5,B70:6,B70:7,B232:7,B232:8,B232:9,B70:8,B70:9,B70:10,B223:7,B223:8,B223:9,B223:10,B223:11,B223:12,B217:3,B217:4,B232:10,B232:11,B232:12,B70:11,B70:12,B70:13,B217:2,B232:13,B232:14,B232:15,B217:9,B217:10,B217:11,B232:16,B232:17,B232:18,B217:12,B217:13,B217:14,B232:19,B232:20,B232:21,B223:13,B223:14,B223:15,B70:14,B70:15,B70:16,B223:16,B223:17,B223:18,B217:5,B217:6,B153:2,B217:15,B217:16,B217:17,B232:22,B232:23,B232:24,B217:7,B217:8,B144:2,B144:3,B144:4,B144:5,B144:6,B223:19,B223:20,B223:21,B70:17,B70:18,B70:19,B105:1,B70:20,B70:21,B70:22,B217:18,B217:19,B217:20,B232:25,B232:26,B232:27,B223:22,B223:23,B223:24,B144:7,B144:8,B144:9,B70:23,B70:24,B70:25,B153:3,B144:10,B144:11,B144:12,B289:1,B217:21,B217:22,B217:23,B232:28,B232:29,B232:30,B70:26,B70:27,B70:28,B217:24,B217:25,B217:26,B232:31,B232:32,B232:33,B217:27,B217:28,B217:29,B232:34,B232:35,B232:36,B223:25,B223:26,B223:27,B223:28,B223:29,B223:30,B223:31,B223:32,B223:33,B144:13,B144:14,B144:15,B144:16,B144:17,B144:18,B70:29,B70:30,B70:31,B70:32,B70:33,B70:34,B144:19,B144:20,B144:21,B217:30,B217:31,B232:37,B232:38,B70:35,B70:36,B70:37,B153:4,B223:34,B223:35,B217:32,B217:33,B232:39,B232:40,B129:2,B143:2,B217:34,B217:35,B232:41,B232:42,B401:2,B223:36,B223:37,B144:22,B144:23,B103:2,B70:38,B70:39,B401:3,B223:38,B223:39,B144:24,B144:25,B217:36,B217:37,B232:43,B232:44,B401:4,B70:40,B70:41,B217:38,B217:39,B232:45,B232:46,B223:40,B223:41,B144:26,B144:27,B129:3,B408:2,B217:40,B217:41,B232:47,B232:48,B103:3,B401:5,B70:42,B70:43,B223:42,B223:43,B144:28,B144:29,B217:42,B217:43,B232:49,B232:50,B408:3,B84:2,B223:44,B223:45,B70:44,B70:45,B401:6,B223:46,B223:47,B144:30,B144:31,B408:4,B144:32,B144:33,B401:7,B70:46,B70:47,B401:8,B70:48,B70:49,B144:34,B144:35,B408:5,B103:4,B70:50,B70:51,B401:9,B217:44,B217:45,B232:51,B232:52,B129:4,B408:6,B223:48,B223:49,B408:7,B408:8,B144:36,B144:37,B84:3,B408:9,B70:52,B70:53,B401:10,B129:5,B408:10,C91:1,C77:1,C194:1,C1320:1,C56:2,C16:2,C56:3,C16:3,C56:4,C16:4,C56:5,C16:5,C56:6,C16:6,C56:7,C16:7,C56:8,C16:8,C56:9,C16:9,C239:1,C1405:1,C147:1,C110:1,C294:1,C112:1,C91:2,C105:2,C115:1,C77:2,C105:3,C105:4,C105:5,C105:6,C274:1,C112:2,C147:23,C147:22,C277:1,C191:1,C289:2,C122:1,C105:7,C105:8,C112:3,C147:26,C147:25,C147:24,C289:3,C272:1,C105:9,C105:10,C110:2,C273:1,C289:4,C147:32,C147:31,C147:30,C147:29,C147:28,C147:27,C112:4,C147:35,C147:34,C147:33,C105:11,C105:12,C105:13,C105:14,C291:1,C289:5,C276:1,C105:15,C105:16,C271:1,C289:6,C402:1,C275:1,C289:7,C147:37,C147:36,C316:1,C289:8,C147:39,C147:38,C289:9,C309:1,C147:41,C147:40,C289:10,C105:17,C147:43,C147:42,C311:1,C289:11,C105:18,C147:44,C147:45,C147:46,C147:47,C289:12,C105:19,C147:49,C147:48,C289:13,C307:1,C105:20,C289:14,C105:21,C105:22,C147:50,C147:51,C105:23,C310:1,C289:15,C105:24,C328:1,C329:1,C365:1,C428:1
SP	108	A16:1,A141:1,A142:1,A233:1,A223:1,A70:1,A129:1,A209:1,A96:1,A263:1,A30:1,A321:1,A344:1,A432:1,A330:1,B16:2,B16:3,B16:4,B16:5,B16:6,B16:7,B16:8,B16:9,B16:10,B16:11,B16:12,B141:2,B142:2,B142:3,B56:1,B3:1,B16:13,B16:14,B16:15,B142:4,B142:5,B233:2,B223:2,B223:3,B70:2,B70:3,B70:4,B70:5,B70:6,B70:7,B16:16,B16:17,B16:18,B233:3,B233:4,B223:4,B223:5,B223:6,B141:3,B70:8,B70:9,B70:10,B16:19,B16:20,B16:21,B223:7,B223:8,B223:9,B209:3,B209:4,B233:5,B233:6,B209:2,B16:22,B16:23,B16:24,B70:11,B70:12,B70:13,B223:10,B223:11,B223:12,B263:2,B263:3,B263:4,B263:5,B263:6,B209:5,B209:6,B233:7,B233:8,B30:2,B30:3,B223:13,B223:14,B223:15,B30:4,B30:5,B30:6,B223:16,B223:17,B223:18,B70:14,B70:15,B70:16,B101:1,B263:7,B263:8,B263:9,B209:9,B209:10,B209:11,B233:11,B233:12,B233:13,B209:12,B209:13,B209:14,B233:14,B233:15,B233:16,B70:17,B70:18,B70:19,B209:7,B209:8,B233:9,B233:10,B70:20,B70:21,B70:22,B30:7,B30:8,B30:9,B223:19,B223:20,B223:21,B105:1,B96:2,B209:15,B209:16,B209:17,B233:17,B233:18,B233:19,B263:10,B263:11,B263:12,B70:23,B70:24,B70:25,B30:10,B30:11,B30:12,B223:22,B223:23,B223:24,B209:18,B209:19,B209:20,B233:20,B233:21,B233:22,B263:13,B263:14,B263:15,B70:26,B70:27,B70:28,B30:13,B30:14,B30:15,B223:25,B223:26,B223:27,B263:16,B263:17,B263:18,B263:19,B263:20,B263:21,B209:21,B209:22,B209:23,B233:23,B233:24,B233:25,B30:16,B30:17,B30:18,B223:28,B223:29,B223:30,B70:29,B70:30,B70:31,B30:19,B30:20,B30:21,B223:31,B223:32,B223:33,B209:24,B209:25,B209:26,B233:26,B233:27,B233:28,B209:27,B209:28,B209:29,B233:29,B233:30,B233:31,B70:32,B70:33,B70:34,B70:35,B70:36,B70:37,B96:3,B129:2,B263:22,B263:23,B30:22,B30:23,B223:34,B223:35,B209:30,B209:31,B233:32,B233:33,B263:24,B263:25,B70:38,B70:39,B263:26,B263:27,B30:24,B30:25,B223:36,B223:37,B96:4,B129:3,B263:28,B263:29,B209:32,B209:33,B233:34,B233:35,B30:26,B30:27,B223:38,B223:39,B209:34,B209:35,B233:36,B233:37,B70:40,B70:41,B30:28,B30:29,B223:40,B223:41,B321:2,B263:30,B263:31,B70:42,B70:43,B209:36,B209:37,B233:38,B233:39,B30:30,B30:31,B223:42,B223:43,B263:32,B263:33,B321:3,B321:4,B70:44,B70:45,B209:38,B209:39,B233:40,B233:41,B263:34,B263:35,B30:32,B30:33,B223:44,B223:45,B321:5,B321:6,B70:46,B70:47,B209:40,B209:41,B233:42,B233:43,B30:34,B30:35,B223:46,B223:47,B321:7,B321:8,B96:5,B70:48,B70:49,B209:42,B209:43,B233:44,B233:45,B129:4,B70:50,B70:51,B263:36,B263:37,B96:6,B30:36,B30:37,B223:48,B223:49,B321:9,B321:10,B209:44,B209:45,B233:46,B233:47,B70:52,B70:53,B129:5,C91:1,C77:1,C194:1,C1320:1,C56:2,C3:2,C56:3,C3:3,C56:4,C3:4,C56:5,C3:5,C56:6,C3:6,C56:7,C3:7,C56:8,C3:8,C56:9,C3:9,C239:1,C56:10,C56:11,C56:12,C1405:1,C56:13,C56:14,C56:15,C195:1,C173:1,C113:1,C294:1,C56:16,C56:17,C56:18,C91:2,C56:19,C56:20,C56:21,C198:1,C193:1,C111:1,C101:2,C101:3,C56:22,C56:23,C56:24,C99:1,C225:1,C169:1,C115:1,C77:2,C105:2,C105:3,C105:4,C105:5,C105:6,C105:7,C105:8,C122:1,C171:1,C105:9,C105:10,C11:1,C105:11,C105:12,C105:13,C105:14,C105:15,C105:16,C410:1,C412:1,C453:1,C111:2,C105:17,C105:18,C105:19,C105:20,C410:2,C105:21,C105:22,C105:23,C105:24,C410:3,C355:1,C357:1,C328:1,C358:1,C447:1
SP	109	A56:1,A141:1,A142:1,A208:1,A233:1,A70:1,A129:1,A101:1,A19:1,A343:1,A330:1,A431:1,A354:1,A369:1,B56:2,B56:3,B56:4,B56:5,B56:6,B56:7,B56:8,B56:9,B56:10,B56:11,B56:12,B141:2,B142:2,B142:3,B208:2,B208:3,B16:1,B3:1,B142:4,B142:5,B233:2,B56:13,B56:14,B56:15,B70:2,B208:4,B208:5,B208:6,B70:3,B70:4,B70:5,B70:6,B70:7,B223:1,B233:3,B233:4,B56:16,B56:17,B56:18,B141:3,B208:7,B208:8,B208:9,B70:8,B70:9,B70:10,B233:5,B233:6,B56:19,B56:20,B56:21,B208:10,B208:11,B208:12,B70:11,B70:12,B70:13,B101:2,B101:3,B56:22,B56:23,B56:24,B233:7,B233:8,B208:13,B208:14,B208:15,B19:2,B19:3,B19:4,B19:5,B19:6,B70:14,B70:15,B70:16,B101:4,B101:5,B101:6,B101:7,B101:8,B101:9,B19:7,B19:8,B19:9,B233:9,B233:10,B233:11,B233:12,B233:13,B208:16,B208:17,B208:18,B233:14,B233:15,B233:16,B208:19,B208:20,B208:21,B101:10,B101:11,B101:12,B70:17,B70:18,B70:19,B70:20,B70:21,B70:22,B105:1,B233:17,B233:18,B233:19,B208:22,B208:23,B208:24,B70:23,B70:24,B70:25,B19:10,B19:11,B19:12,B101:13,B101:14,B101:15,B233:20,B233:21,B233:22,B208:25,B208:26,B208:27,B70:26,B70:27,B70:28,B19:13,B19:14,B19:15,B101:16,B101:17,B101:18,B19:16,B19:17,B19:18,B19:19,B19:20,B19:21,B233:23,B233:24,B233:25,B208:28,B208:29,B208:30,B101:19,B101:20,B101:21,B101:22,B101:23,B101:24,B70:29,B70:30,B70:31,B233:26,B233:27,B233:28,B208:31,B208:32,B208:33,B233:29,B233:30,B233:31,B208:34,B208:35,B208:36,B70:32,B70:33,B70:34,B70:35,B70:36,B70:37,B19:22,B19:23,B129:2,B101:25,B101:26,B19:24,B19:25,B101:27,B101:28,B233:32,B233:33,B208:37,B208:38,B19:26,B19:27,B70:38,B70:39,B233:34,B233:35,B208:39,B208:40,B101:29,B101:30,B19:28,B19:29,B70:40,B70:41,B233:36,B233:37,B208:41,B208:42,B101:31,B101:32,B129:3,B70:42,B70:43,B19:30,B19:31,B233:38,B233:39,B208:43,B208:44,B19:32,B19:33,B101:33,B101:34,B70:44,B70:45,B101:35,B101:36,B233:40,B233:41,B208:45,B208:46,B233:42,B233:43,B208:47,B208:48,B19:34,B19:35,B70:46,B70:47,B70:48,B70:49,B101:37,B101:38,B233:44,B233:45,B208:49,B208:50,B129:4,B70:50,B70:51,B19:36,B19:37,B101:39,B101:40,B233:46,B233:47,B208:51,B208:52,B70:52,B70:53,B129:5,C91:1,C77:1,C194:1,C1320:1,C16:2,C3:2,C16:3,C3:3,C16:4,C3:4,C16:5,C3:5,C16:6,C3:6,C16:7,C3:7,C16:8,C3:8,C16:9,C3:9,C239:1,C16:10,C16:11,C16:12,C1405:1,C223:2,C223:3,C16:13,C16:14,C16:15,C113:1,C195:1,C173:1,C294:1,C223:4,C223:5,C223:6,C16:16,C16:17,C16:18,C91:2,C223:7,C223:8,C223:9,C16:19,C16:20,C16:21,C198:1,C193:1,C111:1,C223:10,C223:11,C223:12,C16:22,C16:23,C16:24,C99:1,C225:1,C169:1,C115:1,C77:2,C105:2,C223:13,C223:14,C223:15,C223:16,C223:17,C223:18,C223:19,C223:20,C223:21,C105:3,C105:4,C105:5,C105:6,C171:1,C122:1,C105:7,C105:8,C223:22,C223:23,C223:24,C303:1,C105:9,C105:10,C223:25,C223:26,C223:27,C223:28,C223:29,C223:30,C223:31,C223:32,C223:33,C105:11,C105:12,C105:13,C105:14,C105:15,C105:16,C415:1,C223:34,C223:35,C223:36,C223:37,C414:1,C223:38,C223:39,C99:2,C303:2,C223:40,C223:41,C105:17,C105:18,C223:42,C223:43,C223:44,C223:45,C414:2,C105:19,C303:3,C414:3,C105:20,C223:46,C223:47,C415:2,C414:4,C105:21,C105:22,C414:5,C303:4,C414:6,C223:48,C223:49,C105:23,C414:7,C105:24,C415:3,C414:8,C328:1
SP	110	A249:1,A244:1,A1168:1,A1184:1,A1177:1,A1147:1,A1172:1,A234:1,A1178:1,A1266:1,A1239:1,A1234:1,A1148:1,A1267:1,A1417:1,A1288:1,A1291:1,A1294:1,A331:1,B244:2,B244:3,B1184:2,B1177:2,B1177:3,B1147:2,B1184:3,B1184:4,B1177:4,B1177:5,B1172:2,B234:2,B1178:2,B1147:3,B1147:4,B1184:5,B1184:6,B249:2,B1172:3,B1172:4,B234:3,B249:4,B234:4,B249:5,B1178:3,B1178:4,B1147:5,B1147:6,B249:3,B1168:2,B1181:1,B1172:5,B1172:6,B234:5,B249:6,B234:6,B249:7,B228:1,B1178:5,B1178:6,B1172:7,B1172:8,B234:9,B249:10,B234:10,B249:11,B234:11,B249:12,B234:7,B249:8,B234:8,B249:9,B1178:7,B1178:8,B1239:2,B234:12,B249:13,B234:13,B249:14,B234:14,B249:15,B1168:3,B1266:2,B1239:3,B1239:4,B1234:2,B234:15,B249:16,B234:16,B249:17,B234:17,B249:18,B1266:3,B1234:3,B1234:4,B1239:5,B1239:6,B234:18,B249:19,B234:19,B249:20,B234:20,B249:21,B234:21,B249:22,B234:22,B249:23,B234:23,B249:24,B1239:7,B1239:8,B1234:5,B1234:6,B1176:1,B1239:9,B1239:10,B1267:2,B1168:4,B1239:11,B1239:12,B1148:2,B1234:7,B1234:8,B1234:9,B1234:10,B234:24,B249:25,B234:25,B249:26,B1239:13,B1239:14,B1234:11,B1234:12,B1267:3,B1148:3,B1148:4,B234:26,B249:27,B234:27,B249:28,B1239:15,B1239:16,B1148:5,B1234:13,B1234:14,B1267:4,B1168:5,B1239:17,B1239:18,B1267:5,B234:28,B249:29,B234:29,B249:30,B1267:6,B1234:15,B1234:16,B1148:6,B234:30,B249:31,B234:31,B249:32,B1239:19,B1239:20,B1234:17,B1234:18,B1239:21,B1239:22,B1148:7,B1267:7,B1417:2,B234:32,B249:33,B234:33,B249:34,B1234:19,B1234:20,B234:34,B249:35,B234:35,B249:36,B1148:8,B1239:23,B1239:24,B1267:8,B1234:21,B1234:22,B1168:6,B234:36,B249:37,B234:37,B249:38,B1148:9,B1267:9,B1417:3,B1234:23,B1234:24,B1239:25,B1239:26,B1148:10,B1267:10,B234:38,B249:39,B234:39,B249:40,B1148:11,B1267:11,B1417:4,B1239:27,B1239:28,B1234:25,B1234:26,B1267:12,B234:40,B249:41,B234:41,B249:42,B1148:12,B1234:27,B1234:28,B1267:13,B1168:7,B1148:13,B1417:5,B1267:14,B1343:1,B1341:1,B433:1,C1068:1,C1040:1,C1012:1,C146:1,C194:1,C163:1,C118:1,C214:1,C1320:1,C239:1,C1405:1,C1069:1,C1216:1,C1011:1,C1015:1,C1027:1,C1127:1,C1206:1,C285:1,C1078:1,C1069:2,C1069:3,C213:1,C164:1,C1224:1,C1069:4,C1069:5,C1069:6,C229:1,C1181:2,C1069:7,C1069:8,C1069:9,C1146:1,C1069:10,C1069:11,C1069:12,C1181:3,C1222:1,C1160:1,C1224:2,C1078:2,C1069:13,C1069:14,C1069:15,C212:1,C1074:1,C228:2,C1224:3,C146:21,C1069:16,C1069:17,C1069:18,C146:20,C146:19,C1297:1,C1176:2,C146:24,C146:23,C146:22,C1069:19,C1069:20,C1069:21,C146:27,C146:26,C146:25,C1224:4,C1069:22,C1069:23,C1069:24,C1176:3,C1176:4,C1224:5,C1176:5,C1176:6,C228:3,C146:29,C146:28,C1069:25,C1069:26,C1224:6,C146:31,C146:30,C1069:27,C1069:28,C1224:7,C146:33,C146:32,C1176:7,C1224:8,C146:35,C146:34,C1069:29,C1069:30,C1224:9,C1069:31,C1069:32,C1176:8,C146:37,C146:36,C146:39,C146:38,C1224:10,C1176:9,C1287:1,C1069:33,C1069:34,C1069:35,C1069:36,C146:40,C146:41,C1224:11,C1176:10,C1224:12,C1069:37,C1069:38,C1176:11,C146:43,C146:42,C1176:12,C1224:13,C1069:39,C1069:40,C1224:14,C146:44,C146:45,C1176:13,C1224:15,C1069:41,C1069:42,C1176:14,C1224:16,C1176:15,C1224:17,C328:1,C329:1
SP	111	A249:1,A244:1,A1168:1,A1147:1,A1184:1,A1177:1,A1172:1,A1178:1,A234:1,A1266:1,A143:1,A331:1,B1147:2,B244:2,B244:3,B1184:2,B1177:2,B1177:3,B1172:2,B1178:2,B1184:3,B1184:4,B1177:4,B1177:5,B1147:3,B1147:4,B234:2,B1184:5,B1184:6,B1172:3,B1172:4,B249:2,B1178:3,B1178:4,B1147:5,B1147:6,B234:3,B249:4,B234:4,B249:5,B249:3,B1168:2,B1181:1,B1172:5,B1172:6,B1178:5,B1178:6,B234:5,B249:6,B234:6,B249:7,B228:1,B1172:7,B1172:8,B1178:7,B1178:8,B234:7,B249:8,B234:8,B249:9,B1266:2,B234:9,B249:10,B234:10,B249:11,B234:11,B249:12,B1168:3,B234:12,B249:13,B234:13,B249:14,B234:14,B249:15,B1266:3,B234:15,B249:16,B234:16,B249:17,B234:17,B249:18,B234:18,B249:19,B234:19,B249:20,B234:20,B249:21,B234:21,B249:22,B234:22,B249:23,B234:23,B249:24,B234:24,B249:25,B234:25,B249:26,B234:26,B249:27,B234:27,B249:28,B143:2,B234:28,B249:29,B234:29,B249:30,B234:30,B249:31,B234:31,B249:32,B234:32,B249:33,B234:33,B249:34,B234:34,B249:35,B234:35,B249:36,B234:36,B249:37,B234:37,B249:38,B234:38,B249:39,B234:39,B249:40,B234:40,B249:41,B234:41,B249:42,C1068:1,C1040:1,C1012:1,C146:1,C194:1,C163:1,C118:1,C214:1,C1320:1,C239:1,C1405:1,C1069:1,C1216:1,C1011:1,C1015:1,C1027:1,C1127:1,C1206:1,C285:1,C1078:1,C1069:2,C1069:3,C213:1,C164:1,C1224:1,C1069:4,C1069:5,C1069:6,C229:1,C1181:2,C1069:7,C1069:8,C1069:9,C1146:1,C1181:3,C1222:1,C1160:1,C1078:2,C1224:2,C212:1,C1140:1,C1300:1,C228:2,C1224:3,C1139:1,C1141:1,C146:21,C146:20,C146:19,C146:27,C146:26,C146:25,C146:24,C146:23,C146:22,C228:3,C146:29,C146:28,C1140:2,C1146:2,C1385:1,C146:31,C146:30,C1139:2,C1141:2,C1140:3,C1146:3,C146:33,C146:32,C146:35,C146:34,C1301:1,C146:37,C146:36,C146:41,C146:40,C146:38,C146:39,C146:42,C146:43,C146:44,C146:45,C328:1,C329:1,C1348:1,C435:1
SP	112	A1177:1,A1184:1,A1216:1,A1011:1,A1015:1,A1027:1,A1147:1,A249:1,A244:1,A1168:1,A235:1,A1219:1,A1217:1,A331:1,B1177:2,B1177:3,B1184:2,B1011:2,B1011:3,B1015:2,B1027:2,B1015:3,B1027:3,B1011:4,B1011:5,B1011:6,B1177:4,B1177:5,B1147:2,B1184:3,B1184:4,B1015:4,B1027:4,B1015:5,B1027:5,B1015:6,B1027:6,B1011:7,B1011:8,B1011:9,B244:2,B244:3,B235:2,B1015:7,B1027:7,B1015:8,B1027:8,B1015:9,B1027:9,B1011:10,B1011:11,B1011:12,B249:2,B1015:10,B1027:10,B1015:11,B1027:11,B1015:12,B1027:12,B1011:13,B1011:14,B1011:15,B235:3,B249:4,B235:4,B249:5,B249:3,B1015:13,B1027:13,B1015:14,B1027:14,B1015:15,B1027:15,B1011:16,B1011:17,B1011:18,B235:5,B249:6,B235:6,B249:7,B228:1,B235:7,B249:8,B235:8,B249:9,B235:9,B249:10,B235:10,B249:11,B235:11,B249:12,B235:12,B249:13,B235:13,B249:14,B235:14,B249:15,B1219:2,B1217:2,B1219:3,B1217:3,B1219:4,B1217:4,B1219:5,B1217:5,B1219:6,B1217:6,B1219:7,B1217:7,B1219:8,B1217:8,B1219:9,B1217:9,B235:15,B249:16,B235:16,B249:17,B235:17,B249:18,B1219:10,B1217:10,B1219:11,B1217:11,B1219:12,B1217:12,B235:18,B249:19,B235:19,B249:20,B235:20,B249:21,B235:21,B249:22,B235:22,B249:23,B235:23,B249:24,B1219:13,B1217:13,B1219:14,B1217:14,B1219:15,B1217:15,B235:24,B249:25,B235:25,B249:26,B235:26,B249:27,B235:27,B249:28,B1219:16,B1217:16,B1219:17,B1217:17,B1219:18,B1217:18,B1219:19,B1217:19,B235:28,B249:29,B235:29,B249:30,B235:30,B249:31,B235:31,B249:32,B1219:20,B1217:20,B1219:21,B1217:21,B1219:22,B1217:22,B1219:23,B1217:23,B235:32,B249:33,B235:33,B249:34,B235:34,B249:35,B235:35,B249:36,B1219:24,B1217:24,B1219:25,B1217:25,B235:36,B249:37,B235:37,B249:38,B1219:26,B1217:26,B1219:27,B1217:27,B235:38,B249:39,B235:39,B249:40,B1219:28,B1217:28,B1219:29,B1217:29,B235:40,B249:41,B235:41,B249:42,C1068:1,C1040:1,C1012:1,C146:1,C194:1,C163:1,C118:1,C214:1,C1320:1,C239:1,C1405:1,C1069:1,C1031:1,C1206:1,C1201:1,C1078:1,C1073:1,C1204:1,C1069:2,C1069:3,C213:1,C164:1,C1035:1,C1059:1,C1077:1,C1068:2,C1069:4,C1069:5,C1069:6,C229:1,C1268:1,C1040:2,C1069:7,C1069:8,C1069:9,C1189:1,C1078:2,C1204:2,C212:1,C1240:1,C1242:1,C228:2,C1018:1,C146:21,C146:20,C146:19,C146:27,C146:26,C146:24,C146:25,C146:23,C146:22,C1189:2,C1035:2,C1068:3,C1059:2,C1077:2,C1268:2,C1189:3,C1040:3,C1078:3,C228:3,C146:29,C146:28,C1392:1,C1240:2,C1242:2,C1035:3,C146:31,C146:30,C1073:2,C1059:3,C1077:3,C1078:4,C1240:3,C1242:3,C1035:4,C146:33,C146:32,C1268:3,C146:35,C146:34,C1303:1,C1078:5,C213:6,C146:37,C146:36,C146:38,C146:39,C146:40,C146:41,C146:42,C146:43,C213:7,C1392:2,C1078:6,C146:44,C146:45,C1303:2,C213:8,C1268:4,C1392:3,C1354:1,C328:1,C329:1,C1358:1,C1357:1,C436:1
SP	113	A255:1,A141:1,A142:1,A3:1,A257:1,A293:1,A190:1,A315:1,A330:1,A362:1,B255:2,B255:3,B142:2,B142:3,B3:2,B3:3,B3:4,B3:5,B3:6,B29:1,B100:1,B245:1,B141:2,B3:7,B3:8,B3:9,B255:4,B255:5,B255:6,B142:4,B142:5,B255:7,B255:8,B255:9,B141:3,B255:10,B255:11,B255:12,B257:2,B293:2,B257:3,B257:4,B255:13,B255:14,B255:15,B190:2,B190:3,B257:5,B257:6,B190:4,B190:5,B190:6,B293:3,B257:9,B257:10,B257:11,B190:7,B190:8,B190:9,B260:1,B36:1,B257:7,B257:8,B257:12,B257:13,B257:14,B293:4,B293:5,B257:15,B257:16,B257:17,B190:10,B190:11,B190:12,B257:18,B257:19,B257:20,B190:13,B190:14,B190:15,B293:6,B190:16,B190:17,B190:18,B293:7,B257:21,B257:22,B257:23,B190:19,B190:20,B190:21,B257:24,B257:25,B257:26,B293:8,B257:27,B257:28,B257:29,B293:9,B211:5,B190:22,B190:23,B190:24,B190:25,B315:2,B315:3,B315:4,B293:10,B293:11,B211:6,B257:30,B257:31,B190:26,B190:27,B257:32,B257:33,B315:5,B315:6,B190:28,B190:29,B315:7,B315:8,B293:12,B257:34,B257:35,B257:36,B257:37,B190:30,B190:31,B315:9,B315:10,B190:32,B190:33,B211:7,B315:11,B315:12,B293:13,B293:14,B257:38,B257:39,B211:8,B257:40,B257:41,B190:34,B190:35,B315:13,B315:14,B293:15,B293:16,B257:42,B257:43,B211:9,B190:36,B190:37,B315:15,B315:16,B293:17,B293:18,B257:44,B257:45,B293:19,B211:10,B293:20,B430:1,B347:1,C194:1,C134:1,C1320:1,C29:2,C29:3,C29:4,C29:5,C29:6,C239:1,C1405:1,C100:2,C245:2,C100:3,C245:3,C29:7,C29:8,C29:9,C100:4,C245:4,C100:5,C245:5,C100:6,C245:6,C211:1,C34:1,C94:1,C100:7,C245:7,C100:8,C245:8,C100:9,C245:9,C295:1,C212:1,C148:1,C100:10,C245:10,C100:11,C245:11,C100:12,C245:12,C100:13,C245:13,C100:14,C245:14,C100:15,C245:15,C211:2,C176:1,C139:1,C287:1,C260:2,C36:2,C260:3,C36:3,C211:3,C260:4,C36:4,C260:5,C36:5,C260:6,C36:6,C121:1,C260:7,C36:7,C260:8,C36:8,C260:9,C36:9,C211:4,C260:10,C36:10,C260:11,C36:11,C260:12,C36:12,C260:13,C36:13,C260:14,C36:14,C260:15,C36:15,C139:2,C260:16,C36:16,C260:17,C36:17,C260:18,C36:18,C176:2,C260:19,C36:19,C260:20,C36:20,C260:21,C36:21,C287:2,C420:1,C423:1,C424:1,C260:22,C36:22,C260:23,C36:23,C139:3,C260:24,C36:24,C260:25,C36:25,C94:2,C176:3,C260:26,C36:26,C260:27,C36:27,C260:28,C36:28,C260:29,C36:29,C260:30,C36:30,C260:31,C36:31,C260:32,C36:32,C260:33,C36:33,C287:3,C260:34,C36:34,C260:35,C36:35,C420:2,C423:2,C424:2,C260:36,C36:36,C260:37,C36:37,C420:3,C423:3,C424:3,C335:1,C328:1,C329:1
SP	114	A29:1,A141:1,A142:1,A54:1,A233:1,A120:1,A210:1,A50:1,A284:1,A280:1,A281:1,A17:1,A35:1,A81:1,A330:1,A346:1,B29:2,B29:3,B29:4,B29:5,B29:6,B142:2,B142:3,B3:1,B29:7,B29:8,B29:9,B141:2,B142:4,B142:5,B29:10,B29:11,B29:12,B54:2,B54:3,B233:2,B120:2,B120:3,B29:13,B29:14,B29:15,B120:4,B120:5,B120:6,B141:3,B54:4,B54:5,B54:6,B233:3,B233:4,B29:16,B29:17,B29:18,B120:7,B120:8,B120:9,B54:7,B54:8,B54:9,B29:19,B29:20,B29:21,B210:3,B210:4,B233:5,B233:6,B54:10,B54:11,B54:12,B54:13,B54:14,B54:15,B284:2,B284:3,B284:4,B284:5,B284:6,B120:10,B120:11,B120:12,B210:2,B280:2,B280:3,B281:2,B281:3,B29:22,B29:23,B29:24,B54:16,B54:17,B54:18,B284:7,B284:8,B284:9,B17:2,B17:3,B210:9,B210:10,B210:11,B233:11,B233:12,B233:13,B120:13,B120:14,B120:15,B280:4,B280:5,B280:6,B210:5,B210:6,B233:7,B233:8,B54:19,B54:20,B54:21,B284:10,B284:11,B284:12,B281:4,B281:5,B281:6,B17:4,B17:5,B17:6,B280:7,B280:8,B280:9,B210:12,B210:13,B210:14,B233:14,B233:15,B233:16,B281:7,B281:8,B281:9,B210:7,B210:8,B233:9,B233:10,B210:15,B210:16,B210:17,B233:17,B233:18,B233:19,B50:2,B54:22,B54:23,B54:24,B284:13,B284:14,B284:15,B17:7,B17:8,B17:9,B35:2,B35:3,B280:10,B280:11,B280:12,B50:3,B281:10,B281:11,B281:12,B210:18,B210:19,B210:20,B233:20,B233:21,B233:22,B54:25,B54:26,B54:27,B284:16,B284:17,B284:18,B17:10,B17:11,B17:12,B168:1,B35:4,B35:5,B35:6,B54:28,B54:29,B54:30,B280:13,B280:14,B280:15,B284:19,B284:20,B284:21,B17:13,B17:14,B17:15,B281:13,B281:14,B281:15,B35:7,B35:8,B35:9,B280:16,B280:17,B280:18,B281:16,B281:17,B281:18,B210:21,B210:22,B210:23,B233:23,B233:24,B233:25,B54:31,B54:32,B54:33,B284:22,B284:23,B284:24,B17:16,B17:17,B17:18,B210:24,B210:25,B210:26,B233:26,B233:27,B233:28,B35:10,B35:11,B35:12,B280:19,B280:20,B280:21,B281:19,B281:20,B281:21,B210:27,B210:28,B210:29,B233:29,B233:30,B233:31,B54:34,B54:35,B284:25,B284:26,B17:19,B17:20,B35:13,B35:14,B280:22,B280:23,B281:22,B281:23,B50:4,B210:30,B210:31,B233:32,B233:33,B54:36,B54:37,B284:27,B284:28,B17:21,B17:22,B35:15,B35:16,B280:24,B280:25,B54:38,B54:39,B281:24,B281:25,B284:29,B284:30,B54:40,B54:41,B17:23,B17:24,B284:31,B284:32,B17:25,B17:26,B35:17,B35:18,B280:26,B280:27,B210:32,B210:33,B233:34,B233:35,B35:19,B35:20,B280:28,B280:29,B281:26,B281:27,B50:5,B281:28,B281:29,B210:34,B210:35,B233:36,B233:37,B210:36,B210:37,B233:38,B233:39,B54:42,B54:43,B284:33,B284:34,B17:27,B17:28,B35:21,B35:22,B280:30,B280:31,B281:30,B281:31,B54:44,B54:45,B81:2,B284:35,B284:36,B210:38,B210:39,B233:40,B233:41,B17:29,B17:30,B50:6,B54:46,B54:47,B284:37,B284:38,B17:31,B17:32,B35:23,B35:24,B280:32,B280:33,B35:25,B35:26,B281:32,B281:33,B280:34,B280:35,B281:34,B281:35,B210:40,B210:41,B233:42,B233:43,B210:42,B210:43,B233:44,B233:45,B54:48,B54:49,B284:39,B284:40,B17:33,B17:34,B35:27,B35:28,B280:36,B280:37,B81:3,B50:7,B281:36,B281:37,B210:44,B210:45,B233:46,B233:47,B430:1,C194:1,C134:1,C1320:1,C3:2,C3:3,C3:4,C3:5,C3:6,C239:1,C1405:1,C3:7,C3:8,C3:9,C83:1,C95:1,C295:1,C319:1,C76:1,C282:1,C109:1,C168:2,C168:3,C420:1,C423:1,C424:1,C461:1,C298:1,C292:1,C420:2,C423:2,C424:2,C425:1,C420:3,C423:3,C424:3,C335:1,C328:1,C329:1,C441:1
SP	115	A1090:1,A250:1,A251:1,A100:1,A1095:1,A1100:1,A1007:1,A1009:1,A1006:1,A1209:1,A1107:1,A260:1,A1003:1,A1002:1,A1245:1,A1005:1,A1008:1,A1250:1,A1004:1,A1260:1,A1249:1,A1261:1,A1108:1,A1282:1,A331:1,A1364:1,A1365:1,A1415:1,A1414:1,A1416:1,B1097:1,B1010:1,B251:2,B251:3,B251:4,B100:2,B100:3,B1090:2,B251:5,B251:6,B250:2,B1095:2,B1100:2,B100:4,B100:5,B100:6,B1090:3,B250:3,B250:4,B250:5,B251:7,B251:8,B1095:3,B100:7,B100:8,B100:9,B1090:4,B250:6,B250:7,B251:9,B251:10,B228:1,B1007:2,B100:10,B100:11,B100:12,B260:2,B260:3,B250:10,B250:11,B250:12,B251:13,B251:14,B251:15,B1090:5,B250:8,B250:9,B251:11,B251:12,B260:4,B260:5,B260:6,B250:13,B250:14,B250:15,B251:16,B251:17,B251:18,B1009:2,B1209:2,B1107:2,B260:7,B260:8,B260:9,B250:16,B250:17,B250:18,B251:19,B251:20,B251:21,B1090:6,B260:10,B260:11,B260:12,B1245:2,B250:19,B250:20,B250:21,B251:22,B251:23,B251:24,B260:13,B260:14,B260:15,B1003:2,B250:22,B250:23,B250:24,B251:25,B251:26,B251:27,B1209:3,B1005:2,B1245:3,B260:16,B260:17,B260:18,B1008:2,B1250:2,B1004:2,B1260:2,B1003:3,B260:19,B260:20,B260:21,B1245:4,B250:25,B250:26,B251:28,B251:29,B1245:5,B1108:2,B1249:2,B1261:2,B1005:3,B1209:4,B250:27,B250:28,B251:30,B251:31,B1008:3,B1250:3,B1004:3,B1260:3,B1249:3,B1245:6,B211:5,B260:22,B260:23,B250:29,B250:30,B251:32,B251:33,B260:24,B260:25,B1245:7,B250:31,B250:32,B251:34,B251:35,B1245:8,B260:26,B260:27,B1245:9,B250:33,B250:34,B251:36,B251:37,B260:28,B260:29,B250:35,B250:36,B251:38,B251:39,B1209:5,B211:6,B260:30,B260:31,B1282:2,B250:37,B250:38,B251:40,B251:41,B1245:10,B1245:11,B260:32,B260:33,B1108:3,B1245:12,B250:39,B250:40,B251:42,B251:43,B211:7,B1209:6,B260:34,B260:35,B1245:13,B250:41,B250:42,B251:44,B251:45,B1245:14,B260:36,B260:37,B1108:4,C146:1,C194:1,C134:1,C163:1,C118:1,C214:1,C1320:1,C239:1,C1405:1,C1097:2,C1097:3,C213:1,C164:1,C1229:1,C1010:2,C1097:4,C1208:1,C229:1,C1097:5,C1096:1,C1010:3,C1097:6,C1099:1,C211:1,C1097:7,C1104:1,C1247:1,C228:2,C146:21,C146:20,C146:19,C212:1,C1097:8,C146:24,C146:27,C146:23,C146:26,C146:25,C146:22,C211:2,C1097:9,C1248:1,C211:3,C1256:1,C228:3,C211:4,C1097:10,C1097:11,C146:29,C146:28,C1097:12,C146:31,C146:30,C1097:13,C146:33,C146:32,C146:35,C146:34,C1097:14,C1097:15,C146:37,C146:36,C146:39,C146:38,C213:6,C146:41,C146:40,C1097:16,C1097:17,C1097:18,C146:42,C146:43,C213:7,C1097:19,C146:44,C146:45,C1097:20,C213:8,C1367:1,C328:1,C329:1,C1366:1,C436:1
SP	116	A1090:1,A1095:1,A250:1,A251:1,A100:1,A1100:1,A1007:1,A1009:1,A1006:1,A1107:1,A1209:1,A260:1,A1002:1,A1003:1,A1005:1,A1245:1,A1244:1,A1252:1,A1253:1,A1310:1,A1251:1,A1308:1,A1309:1,A1390:1,A1391:1,A1284:1,A331:1,A1362:1,A1363:1,A1413:1,B1097:1,B1010:1,B251:2,B251:3,B251:4,B100:2,B100:3,B1090:2,B251:5,B251:6,B1095:2,B250:2,B1100:2,B100:4,B100:5,B100:6,B1090:3,B1095:3,B250:3,B250:4,B250:5,B251:7,B251:8,B100:7,B100:8,B100:9,B1090:4,B250:6,B250:7,B251:9,B251:10,B228:1,B1007:2,B100:10,B100:11,B100:12,B1090:5,B260:2,B260:3,B250:8,B250:9,B251:11,B251:12,B250:10,B250:11,B250:12,B251:13,B251:14,B251:15,B1009:2,B260:4,B260:5,B260:6,B1107:2,B250:13,B250:14,B250:15,B251:16,B251:17,B251:18,B1209:2,B1090:6,B260:7,B260:8,B260:9,B250:16,B250:17,B250:18,B251:19,B251:20,B251:21,B1095:4,B1006:2,B1009:3,B1245:2,B260:10,B260:11,B260:12,B250:19,B250:20,B250:21,B251:22,B251:23,B251:24,B260:13,B260:14,B260:15,B250:22,B250:23,B250:24,B251:25,B251:26,B251:27,B1002:2,B1007:3,B260:16,B260:17,B260:18,B1245:3,B1252:2,B260:19,B260:20,B260:21,B250:25,B250:26,B251:28,B251:29,B1245:4,B1244:2,B1245:5,B1095:5,B1253:2,B1006:3,B250:27,B250:28,B251:30,B251:31,B1245:6,B1251:2,B1252:3,B1002:3,B1253:3,B211:5,B1310:2,B1309:2,B260:22,B260:23,B1245:7,B250:29,B250:30,B251:32,B251:33,B260:24,B260:25,B250:31,B250:32,B251:34,B251:35,B1308:2,B260:26,B260:27,B250:33,B250:34,B251:36,B251:37,B1245:8,B1245:9,B1244:3,B260:28,B260:29,B250:35,B250:36,B251:38,B251:39,B211:6,B1309:3,B1245:10,B260:30,B260:31,B250:37,B250:38,B251:40,B251:41,B1245:11,B1390:2,B1391:2,B1310:3,B260:32,B260:33,B1245:12,B250:39,B250:40,B251:42,B251:43,B1284:2,B1308:3,B211:7,B260:34,B260:35,B250:41,B250:42,B251:44,B251:45,B260:36,B260:37,B1245:13,B1244:4,B1245:14,B1390:3,B1391:3,B1284:3,B1310:4,C146:1,C194:1,C134:1,C163:1,C118:1,C214:1,C1320:1,C239:1,C1405:1,C1097:2,C1097:3,C213:1,C164:1,C1229:1,C1010:2,C1097:4,C1208:1,C229:1,C1097:5,C1096:1,C1010:3,C1097:6,C1099:1,C211:1,C212:1,C1097:7,C228:2,C1097:8,C146:21,C146:20,C146:19,C211:2,C146:24,C146:23,C146:22,C146:27,C146:26,C146:25,C1097:9,C211:3,C211:4,C228:3,C1097:10,C1097:11,C146:29,C146:28,C1097:12,C146:31,C146:30,C1097:13,C146:33,C146:32,C146:35,C146:34,C1097:14,C146:37,C1097:15,C146:36,C213:6,C146:38,C146:39,C1097:16,C146:41,C146:40,C1097:17,C1097:18,C146:42,C146:43,C213:7,C146:44,C146:45,C1097:19,C1097:20,C213:8,C328:1,C329:1,C436:1
SP	117	A141:1,A142:1,A100:1,A231:1,A205:1,A260:1,A348:1,A330:1,A362:1,B142:2,B142:3,B141:2,B100:2,B100:3,B245:1,B231:2,B100:4,B100:5,B100:6,B142:4,B142:5,B231:3,B231:4,B100:7,B100:8,B100:9,B231:5,B231:6,B231:7,B141:3,B205:3,B205:4,B205:2,B100:10,B100:11,B100:12,B231:8,B231:9,B231:10,B260:2,B260:3,B100:13,B100:14,B100:15,B231:11,B231:12,B231:13,B260:4,B260:5,B260:6,B205:5,B205:6,B205:9,B205:10,B205:11,B231:14,B231:15,B231:16,B205:12,B205:13,B205:14,B231:17,B231:18,B231:19,B260:7,B260:8,B260:9,B36:1,B205:7,B205:8,B205:15,B205:16,B205:17,B231:20,B231:21,B231:22,B260:10,B260:11,B260:12,B205:18,B205:19,B205:20,B231:23,B231:24,B231:25,B260:13,B260:14,B260:15,B260:16,B260:17,B260:18,B205:21,B205:22,B205:23,B231:26,B231:27,B231:28,B260:19,B260:20,B260:21,B205:24,B205:25,B205:26,B231:29,B231:30,B231:31,B205:27,B205:28,B205:29,B231:32,B231:33,B231:34,B211:5,B260:22,B260:23,B260:24,B260:25,B205:30,B205:31,B231:35,B231:36,B205:32,B205:33,B231:37,B231:38,B260:26,B260:27,B211:6,B260:28,B260:29,B205:34,B205:35,B231:39,B231:40,B260:30,B260:31,B205:36,B205:37,B231:41,B231:42,B260:32,B260:33,B211:7,B205:38,B205:39,B231:43,B231:44,B260:34,B260:35,B211:8,B205:40,B205:41,B231:45,B231:46,B205:42,B205:43,B231:47,B231:48,B211:9,B260:36,B260:37,B205:44,B205:45,B231:49,B231:50,B211:10,B430:1,B347:1,C194:1,C1320:1,C1368:1,C172:1,C239:1,C1405:1,C150:1,C245:2,C245:3,C211:1,C245:4,C245:5,C245:6,C34:1,C245:7,C245:8,C245:9,C212:1,C148:1,C245:10,C245:11,C245:12,C245:13,C245:14,C245:15,C211:2,C36:2,C36:3,C36:4,C36:5,C36:6,C36:7,C36:8,C36:9,C211:3,C211:4,C36:10,C36:11,C36:12,C36:13,C36:14,C36:15,C36:16,C36:17,C36:18,C36:19,C36:20,C36:21,C424:1,C36:22,C36:23,C36:24,C36:25,C36:26,C36:27,C36:28,C36:29,C36:30,C36:31,C36:32,C36:33,C36:34,C36:35,C424:2,C36:36,C36:37,C424:3,C328:1,C329:1
SP	118	A141:1,A142:1,A100:1,A231:1,A205:1,A260:1,A330:1,A362:1,B142:2,B142:3,B141:2,B100:2,B100:3,B245:1,B231:2,B100:4,B100:5,B100:6,B142:4,B142:5,B231:3,B231:4,B100:7,B100:8,B100:9,B231:5,B231:6,B231:7,B141:3,B205:3,B205:4,B205:2,B100:10,B100:11,B100:12,B231:8,B231:9,B231:10,B260:2,B260:3,B100:13,B100:14,B100:15,B231:11,B231:12,B231:13,B260:4,B260:5,B260:6,B205:5,B205:6,B205:9,B205:10,B205:11,B231:14,B231:15,B231:16,B205:12,B205:13,B205:14,B231:17,B231:18,B231:19,B260:7,B260:8,B260:9,B36:1,B205:7,B205:8,B205:15,B205:16,B205:17,B231:20,B231:21,B231:22,B260:10,B260:11,B260:12,B205:18,B205:19,B205:20,B231:23,B231:24,B231:25,B260:13,B260:14,B260:15,B260:16,B260:17,B260:18,B205:21,B205:22,B205:23,B231:26,B231:27,B231:28,B260:19,B260:20,B260:21,B205:24,B205:25,B205:26,B231:29,B231:30,B231:31,B205:27,B205:28,B205:29,B231:32,B231:33,B231:34,B211:5,B260:22,B260:23,B260:24,B260:25,B205:30,B205:31,B231:35,B231:36,B211:6,B205:32,B205:33,B231:37,B231:38,B260:26,B260:27,B260:28,B260:29,B205:34,B205:35,B231:39,B231:40,B260:30,B260:31,B205:36,B205:37,B231:41,B231:42,B260:32,B260:33,B211:7,B205:38,B205:39,B231:43,B231:44,B205:40,B205:41,B231:45,B231:46,B260:34,B260:35,B211:8,B211:9,B205:42,B205:43,B231:47,B231:48,B260:36,B260:37,B205:44,B205:45,B231:49,B231:50,B211:10,B430:1,B347:1,C194:1,C172:1,C1320:1,C1368:1,C239:1,C1405:1,C150:1,C245:2,C245:3,C211:1,C245:4,C245:5,C245:6,C34:1,C248:1,C245:7,C245:8,C245:9,C212:1,C148:1,C245:10,C245:11,C245:12,C245:13,C245:14,C245:15,C211:2,C36:2,C36:3,C36:4,C36:5,C36:6,C36:7,C36:8,C36:9,C211:3,C211:4,C36:10,C36:11,C36:12,C36:13,C36:14,C36:15,C36:16,C36:17,C36:18,C36:19,C36:20,C36:21,C424:1,C36:22,C36:23,C36:24,C36:25,C36:26,C36:27,C36:28,C36:29,C36:30,C36:31,C36:32,C36:33,C36:34,C36:35,C424:2,C36:36,C36:37,C424:3,C328:1,C329:1
